/*
 Navicat Premium Dump SQL

 Source Server         : wsyu9a
 Source Server Type    : MySQL
 Source Server Version : 50726 (5.7.26)
 Source Host           : localhost:3306
 Source Schema         : wsyu9a

 Target Server Type    : MySQL
 Target Server Version : 50726 (5.7.26)
 File Encoding         : 65001

 Date: 09/02/2025 07:57:43
*/

SET NAMES utf8mb4;
SET FOREIGN_KEY_CHECKS = 0;

-- ----------------------------
-- Table structure for announcement
-- ----------------------------
DROP TABLE IF EXISTS `announcement`;
CREATE TABLE `announcement`  (
  `id` int(11) NOT NULL AUTO_INCREMENT,
  `title` varchar(255) CHARACTER SET utf8 COLLATE utf8_general_ci NOT NULL,
  `content` text CHARACTER SET utf8 COLLATE utf8_general_ci NOT NULL,
  `important` tinyint(1) NULL DEFAULT 0,
  `enabled` tinyint(1) NULL DEFAULT 1,
  `publisher_id` int(11) NOT NULL,
  `create_time` timestamp NOT NULL DEFAULT CURRENT_TIMESTAMP,
  `update_time` timestamp NOT NULL DEFAULT CURRENT_TIMESTAMP ON UPDATE CURRENT_TIMESTAMP,
  `deleted` tinyint(1) NULL DEFAULT 0,
  PRIMARY KEY (`id`) USING BTREE
) ENGINE = MyISAM AUTO_INCREMENT = 4 CHARACTER SET = utf8 COLLATE = utf8_general_ci ROW_FORMAT = Dynamic;

-- ----------------------------
-- Records of announcement
-- ----------------------------
INSERT INTO `announcement` VALUES (1, '测试', '这是一条测试的公告！', 0, 1, 1, '2024-01-01 17:56:12', '2025-01-26 06:30:27', 0);
INSERT INTO `announcement` VALUES (2, '测试2', '这也是测试的公告', 0, 1, 1, '2024-12-31 17:56:24', '2025-01-26 06:30:46', 0);
INSERT INTO `announcement` VALUES (3, '最新通知', '新增题目，easysql', 1, 1, 1, '2025-01-01 20:39:38', '2025-01-01 20:39:38', 0);

-- ----------------------------
-- Table structure for problem
-- ----------------------------
DROP TABLE IF EXISTS `problem`;
CREATE TABLE `problem`  (
  `id` bigint(20) NOT NULL AUTO_INCREMENT COMMENT '主键ID',
  `title` varchar(100) CHARACTER SET utf8mb4 COLLATE utf8mb4_general_ci NOT NULL COMMENT '漏洞标题',
  `summary` text CHARACTER SET utf8mb4 COLLATE utf8mb4_general_ci NOT NULL COMMENT '漏洞简述',
  `detail` varchar(255) CHARACTER SET utf8mb4 COLLATE utf8mb4_general_ci NOT NULL COMMENT '题目说明文件路径',
  `flag` varchar(100) CHARACTER SET utf8mb4 COLLATE utf8mb4_general_ci NOT NULL COMMENT 'flag',
  `score` int(11) NOT NULL COMMENT '积分',
  `difficulty` varchar(20) CHARACTER SET utf8mb4 COLLATE utf8mb4_general_ci NOT NULL COMMENT '难度',
  `category_id` bigint(20) NOT NULL COMMENT '分类ID',
  `docker_compose_path` varchar(200) CHARACTER SET utf8mb4 COLLATE utf8mb4_general_ci NULL DEFAULT NULL COMMENT 'docker-compose文件路径',
  `enabled` tinyint(1) NOT NULL DEFAULT 1 COMMENT '是否启用',
  `create_time` datetime NOT NULL DEFAULT CURRENT_TIMESTAMP COMMENT '创建时间',
  `update_time` datetime NOT NULL DEFAULT CURRENT_TIMESTAMP ON UPDATE CURRENT_TIMESTAMP COMMENT '更新时间',
  `attachment_path` varchar(255) CHARACTER SET utf8mb4 COLLATE utf8mb4_general_ci NULL DEFAULT NULL COMMENT '附件路径',
  `submit_count` int(11) NULL DEFAULT 0,
  `solved_count` int(11) NULL DEFAULT NULL,
  PRIMARY KEY (`id`) USING BTREE,
  INDEX `idx_category`(`category_id`) USING BTREE,
  CONSTRAINT `fk_problem_category` FOREIGN KEY (`category_id`) REFERENCES `problem_category` (`id`) ON DELETE RESTRICT ON UPDATE RESTRICT
) ENGINE = InnoDB AUTO_INCREMENT = 29 CHARACTER SET = utf8mb4 COLLATE = utf8mb4_general_ci COMMENT = '题目表' ROW_FORMAT = Dynamic;

-- ----------------------------
-- Records of problem
-- ----------------------------
INSERT INTO `problem` VALUES (25, '强网杯 2019 随便注', 'SQL 堆叠注入', 'readme/ad4db43f-06f5-4689-ac84-749ee803147f/README.md', 'flag{2DFATOoBBAGZ7XBS}', 50, 'MEDIUM', 1, 'docker-compose/4f43bf32-7d5e-4070-8fc8-5000842a654d/docker-compose.yml', 1, '2025-01-25 02:08:06', '2025-02-09 06:48:03', 'fujian/bddffa35-2805-4d87-9d1d-2e873bcb4308/1.zip', 5, 3);
INSERT INTO `problem` VALUES (26, 'easyupload', 'easy上传', 'readme/9673ca44-6fd3-4c40-8c88-65f1cac40dec/README.md', 'flag{F2D7WTPt3v6sGCIp}', 50, 'MEDIUM', 3, 'docker-compose/d8ce0048-845e-47cf-819c-1b53cb36284d/docker-compose.yml', 1, '2025-01-25 14:36:55', '2025-01-26 00:55:56', 'fujian/e8699946-f948-496a-8468-7b87a328383e/附件.txt', 0, 0);
INSERT INTO `problem` VALUES (28, 'test', 'xxx', 'readme/8749183f-96a1-410d-b881-c2c4489cacfc/README.md', 'flag{vm4cwtA0zHMuAmkB}', 100, 'HARD', 3, 'docker-compose/8cd885e2-a934-4996-aeef-805c5cc70524/docker-compose.yml', 1, '2025-01-26 03:09:00', '2025-01-26 03:09:00', 'fujian/13ce5bc2-12ad-4a07-b200-b1052f62ffeb/附件.txt', 0, NULL);

-- ----------------------------
-- Table structure for problem_category
-- ----------------------------
DROP TABLE IF EXISTS `problem_category`;
CREATE TABLE `problem_category`  (
  `id` bigint(20) NOT NULL AUTO_INCREMENT COMMENT '主键ID',
  `name` varchar(50) CHARACTER SET utf8mb4 COLLATE utf8mb4_general_ci NOT NULL COMMENT '分类名称',
  `description` varchar(200) CHARACTER SET utf8mb4 COLLATE utf8mb4_general_ci NULL DEFAULT NULL COMMENT '分类描述',
  `create_time` datetime NOT NULL DEFAULT CURRENT_TIMESTAMP COMMENT '创建时间',
  `update_time` datetime NOT NULL DEFAULT CURRENT_TIMESTAMP ON UPDATE CURRENT_TIMESTAMP COMMENT '更新时间',
  PRIMARY KEY (`id`) USING BTREE,
  UNIQUE INDEX `uk_name`(`name`) USING BTREE
) ENGINE = InnoDB AUTO_INCREMENT = 7 CHARACTER SET = utf8mb4 COLLATE = utf8mb4_general_ci COMMENT = '题目分类表' ROW_FORMAT = Dynamic;

-- ----------------------------
-- Records of problem_category
-- ----------------------------
INSERT INTO `problem_category` VALUES (1, 'SQL注入', 'SQL注入类漏洞，包括各种数据库的注入漏洞', '2025-01-01 17:35:14', '2025-01-01 17:35:14');
INSERT INTO `problem_category` VALUES (2, 'XSS', '跨站脚本攻击漏洞，包括反射型、存储型和DOM型XSS', '2025-01-01 17:35:14', '2025-01-01 17:35:14');
INSERT INTO `problem_category` VALUES (3, '文件上传', '文件上传漏洞，包括绕过文件类型限制、文件解析漏洞等', '2025-01-01 17:35:14', '2025-01-01 17:35:14');
INSERT INTO `problem_category` VALUES (4, '命令注入', '命令注入漏洞，包括系统命令注入、代码执行等', '2025-01-01 17:35:14', '2025-01-01 17:35:14');
INSERT INTO `problem_category` VALUES (5, '逻辑漏洞', '业务逻辑漏洞，包括越权、支付漏洞等', '2025-01-01 17:35:14', '2025-01-01 17:35:14');
INSERT INTO `problem_category` VALUES (6, 'qwe', 'qwe', '2025-01-26 03:08:09', '2025-01-26 03:08:09');

-- ----------------------------
-- Table structure for submission
-- ----------------------------
DROP TABLE IF EXISTS `submission`;
CREATE TABLE `submission`  (
  `id` bigint(20) NOT NULL AUTO_INCREMENT,
  `user_id` bigint(20) NOT NULL,
  `problem_id` bigint(20) NOT NULL,
  `flag` varchar(255) CHARACTER SET utf8 COLLATE utf8_general_ci NOT NULL,
  `correct` tinyint(1) NOT NULL,
  `submit_time` datetime NOT NULL,
  PRIMARY KEY (`id`) USING BTREE,
  INDEX `user_id`(`user_id`) USING BTREE,
  INDEX `problem_id`(`problem_id`) USING BTREE
) ENGINE = MyISAM AUTO_INCREMENT = 142 CHARACTER SET = utf8 COLLATE = utf8_general_ci ROW_FORMAT = Dynamic;

-- ----------------------------
-- Records of submission
-- ----------------------------
INSERT INTO `submission` VALUES (1, 1, 25, 'flag{2DFATOoBBAGZ7XBS}', 1, '2025-01-25 23:07:37');
INSERT INTO `submission` VALUES (141, 1, 25, 'flag{2DFATOoBBAGZ7XB}', 0, '2025-01-27 14:12:26');
INSERT INTO `submission` VALUES (140, 3, 28, 'flag{}', 1, '2025-01-09 03:10:13');
INSERT INTO `submission` VALUES (139, 3, 25, '1232', 0, '2025-01-26 02:16:05');
INSERT INTO `submission` VALUES (2, 2, 25, 'flag{2DFATOoBBAGZ7XBS}', 1, '2025-01-26 01:19:39');
INSERT INTO `submission` VALUES (3, 3, 25, 'flag{2DFATOoBBAGZ7XBS}', 1, '2025-01-26 01:28:47');

-- ----------------------------
-- Table structure for sys_config
-- ----------------------------
DROP TABLE IF EXISTS `sys_config`;
CREATE TABLE `sys_config`  (
  `id` bigint(20) NOT NULL AUTO_INCREMENT,
  `docker_api` varchar(255) CHARACTER SET utf8mb4 COLLATE utf8mb4_general_ci NULL DEFAULT NULL COMMENT 'Docker API地址',
  `docker_registry` varchar(255) CHARACTER SET utf8mb4 COLLATE utf8mb4_general_ci NULL DEFAULT NULL COMMENT 'Docker镜像仓库地址',
  `docker_max_port` int(11) NULL DEFAULT NULL COMMENT 'Docker容器最大端口',
  `docker_min_port` int(11) NULL DEFAULT NULL COMMENT 'Docker容器最小端口',
  `docker_time` int(11) NULL DEFAULT NULL COMMENT 'Docker容器超时时间(秒)',
  `create_time` datetime NULL DEFAULT CURRENT_TIMESTAMP COMMENT '创建时间',
  `update_time` datetime NULL DEFAULT CURRENT_TIMESTAMP ON UPDATE CURRENT_TIMESTAMP COMMENT '更新时间',
  PRIMARY KEY (`id`) USING BTREE
) ENGINE = InnoDB AUTO_INCREMENT = 3 CHARACTER SET = utf8mb4 COLLATE = utf8mb4_general_ci COMMENT = '系统配置表' ROW_FORMAT = Dynamic;

-- ----------------------------
-- Records of sys_config
-- ----------------------------
INSERT INTO `sys_config` VALUES (1, 'tcp://localhost:2376', 'http://hub-mirror.c.163.com', 50000, 40000, 7200, '2025-01-24 14:31:14', '2025-01-24 14:31:14');
INSERT INTO `sys_config` VALUES (2, 'tcp://localhost:2376', 'http://hub-mirror.c.163.com', 50000, 40000, 7200, '2025-01-24 14:31:14', '2025-02-09 07:16:52');

-- ----------------------------
-- Table structure for sys_user
-- ----------------------------
DROP TABLE IF EXISTS `sys_user`;
CREATE TABLE `sys_user`  (
  `id` bigint(20) NOT NULL AUTO_INCREMENT COMMENT '主键ID',
  `username` varchar(50) CHARACTER SET utf8mb4 COLLATE utf8mb4_general_ci NOT NULL COMMENT '用户名',
  `email` varchar(100) CHARACTER SET utf8mb4 COLLATE utf8mb4_general_ci NOT NULL COMMENT '邮箱',
  `password` varchar(100) CHARACTER SET utf8mb4 COLLATE utf8mb4_general_ci NOT NULL COMMENT '密码',
  `role` varchar(20) CHARACTER SET utf8mb4 COLLATE utf8mb4_general_ci NOT NULL DEFAULT 'USER' COMMENT '角色',
  `enabled` tinyint(1) NOT NULL DEFAULT 1 COMMENT '是否启用',
  `create_time` datetime NOT NULL DEFAULT CURRENT_TIMESTAMP COMMENT '创建时间',
  `update_time` datetime NOT NULL DEFAULT CURRENT_TIMESTAMP ON UPDATE CURRENT_TIMESTAMP COMMENT '更新时间',
  `deleted` tinyint(1) NOT NULL DEFAULT 0 COMMENT '是否删除',
  `score` int(11) NULL DEFAULT 0,
  `avatar` mediumtext CHARACTER SET utf8mb4 COLLATE utf8mb4_general_ci NULL COMMENT '用户头像URL',
  PRIMARY KEY (`id`) USING BTREE,
  UNIQUE INDEX `uk_username`(`username`) USING BTREE,
  UNIQUE INDEX `uk_email`(`email`) USING BTREE
) ENGINE = InnoDB AUTO_INCREMENT = 5 CHARACTER SET = utf8mb4 COLLATE = utf8mb4_general_ci COMMENT = '用户表' ROW_FORMAT = Dynamic;

-- ----------------------------
-- Records of sys_user
-- ----------------------------
INSERT INTO `sys_user` VALUES (1, 'admin', 'admin@wsyu9a.com', 'jZae727K08KaOmKSgOaGzww/XVqGr/PKEgIMkjrcbJI=', 'ADMIN', 1, '2025-01-01 17:35:14', '2025-02-09 05:48:44', 0, 9999, '/9j/4AAQSkZJRgABAQAAAQABAAD/2wBDAAMCAgMCAgMDAwMEAwMEBQgFBQQEBQoHBwYIDAoMDAsKCwsNDhIQDQ4RDgsLEBYQERMUFRUVDA8XGBYUGBIUFRT/2wBDAQMEBAUEBQkFBQkUDQsNFBQUFBQUFBQUFBQUFBQUFBQUFBQUFBQUFBQUFBQUFBQUFBQUFBQUFBQUFBQUFBQUFBT/wAARCAKAAoADASIAAhEBAxEB/8QAHwAAAQUBAQEBAQEAAAAAAAAAAAECAwQFBgcICQoL/8QAtRAAAgEDAwIEAwUFBAQAAAF9AQIDAAQRBRIhMUEGE1FhByJxFDKBkaEII0KxwRVS0fAkM2JyggkKFhcYGRolJicoKSo0NTY3ODk6Q0RFRkdISUpTVFVWV1hZWmNkZWZnaGlqc3R1dnd4eXqDhIWGh4iJipKTlJWWl5iZmqKjpKWmp6ipqrKztLW2t7i5usLDxMXGx8jJytLT1NXW19jZ2uHi4+Tl5ufo6erx8vP09fb3+Pn6/8QAHwEAAwEBAQEBAQEBAQAAAAAAAAECAwQFBgcICQoL/8QAtREAAgECBAQDBAcFBAQAAQJ3AAECAxEEBSExBhJBUQdhcRMiMoEIFEKRobHBCSMzUvAVYnLRChYkNOEl8RcYGRomJygpKjU2Nzg5OkNERUZHSElKU1RVVldYWVpjZGVmZ2hpanN0dXZ3eHl6goOEhYaHiImKkpOUlZaXmJmaoqOkpaanqKmqsrO0tba3uLm6wsPExcbHyMnK0tPU1dbX2Nna4uPk5ebn6Onq8vP09fb3+Pn6/9oADAMBAAIRAxEAPwDwaEMYyx24+lMhjVpNxxn6VBbh9hRpWx9KkgVdxVpT+VBkWnTuFb8GqrJ5o/hbH+9UhMRJAdT/AMCppgDA4Zf++qOQBFUMAx6+9Eg3MaUKAh56VGjA5HeoaG2IkxRSoqOR9xFIeCRUJcxyZb7tZtEW1Jjci2jbY2JumfanW+uz2l4XdPNJXYCP7tMWVJEZ413xjgt7VBbbZLq3y+1SdlBpbQ6fT9ft5bQxrKTIzeb8/wCFNkdJLOZ5FaVnWRhj3cGnzeE7S4ADh0ljG3cnFVBZrZ6TKy3D/uz5eDWqMGjktcaSW2MqKEEc4/eIfuf/AFq2bfSGu9OkuAN85xiZD1/36zI9ckOh3UUYMpkZWkjcp8orQ8Nm8m0W/ngAWHawlRz1X/Y9WrUkjg8UXmmXM1m3l5fiQ/xf5+Su70L4wnT9G/d6HZ3kuzZPJcx/O7V5bPp8EFz5kMzSf7Bq7p0xjkwVjeGX5HjkoC56hafHyB/3M/haCz/d+WY4uE/4HVz4g6P/AGRa/b5dGxA0cV5HcCT5AkjOjrsrjdCFhayi4lkEvllJI4h/7PXS6Jp8/jbxDqOmR61LapLbB7e0Pzwu391/7n+xQF7nReG/N07w3POBJeWJ+T/bTfUXhCBW0zX5pVMvlXfnx/7fy76zPB3iLVNF8L6zps+m/bBaXeJZBJsZMf7P8aVL8PvEMLyavJDJt3XCyRiWOTY6/wC29Nbg9inoHjv/AIRPxqrzDFlfu0Mg/wBl3+//AMAr6A8D2v8AxK4f/IflfwV8m/FeA3niGd7OEfIZzJtP7tG/2a+kfhna32t+ENMzrNzkQLn8q9fDbM8fFfAYtzn7VZwZjyLuSOSX/vutbXdLxol6OvyVDB4Xh1jWFtpzLHC08jZPyeY6K9XPFGipYQ39supXRhx5ccRk312XR4lhY3DQqgbeoVSM9jsFMS4EGlCY8SpuJ2/xfODS2VvE+nw7bgO6hFOO3yd6qafZTXcLukwEMcpQBv4u9ZuRqoHA6h4YOpeOdQju5usayfu0/wDHK1/D/wAObH+0b2K6viIdiunlin3IiXxvq8k130SONPMf/vv/ANAq9Brmk2msXfnX8ZikSPZIDmp9p5HZCXKZPjLw7onhXdapq5M3mL+78uvOPEJsbaD9w0hmk+/J/crr/iJexahcRXMaXDw52P5cf7p6871r5YZZV+WGR+IpPvV89im3M74T5kZkkzBzG7bxjrWcrL5jKPlOaEmb7QWXkYqOcpy78H2rgHe43Y7sY/MDUNIbRlTfjmooZ0UM6nn1qrPIJpA5ycGtUaI0p7lwku188etVbWT7QoWT5R9aQtFJBIVBBxSRbUhVmGMVRoi7p00amQBigR/vgVdvbmCUxSjezD16Gs6xWJ0cHeN542inRO76XtkBBjkIBPWs5xuYy+I29G3zOsiFFGdwjLYNby3E0DTtC7xvKuWIbNcjpDmC4jO9GP3RxXSXULbPNVwG27WVDWEocoye0uWj83L53vv/APHK1/D2oeTPcy9i/wDH/DXMR+cu3bHw3c1dsLx5A8aDzY1+6kf96sJals9Q0RoniW88v96ZVKb9+566zxDrtvpdj++k8y6/gj3/ADffrg/D3gzUdatrWRrhNKtQ6wvHaJumaP8Av7/4XrsbvQLLTYxHCCIh87yOnzP/AL+7+Ovdwkko2OBxszktUvNU1a/OYf7NiKcmf943/AEqHTvDtrbySSSst7dBGT7RcH5h/u46Vr6lqKXWpvOvmR4RU8ySq6y7IL5ymd0LbJK9ReRstji9IhQSzgKv+rava/hbCEiPyL/qlrxnSEVJZ/nXHkk17V8PbuO3hbLKPkSkcz5h+jXEP2C7/wCujf6z/ferk+DAMeZ5pSsi2NpDp11OIc3RdpI45H+/89SNLPLby5twvmP/AByb6DOLtc02d2MGW2/v0PP0rPcBgCVWTded/wDeqdDc+ZCHnjb50OMVVSNmitSXVd12P5mlMZzPiLxToen3Oo2mowyfa45N8NxHs+9Xnt94htdR83yHPL9zXqWoeGfDeqS295rFu7FLt98qNl9u7568s1zQNP04t9jVh+8aQSbP+WL/AHN/+1XFVdrHuYWF4FaSUtbzKP8AV7T8v9+uVSXMOxThd3+rrqigt4ZYjzJsbn+5XJxQ+WTnlyw+b0rn/wAJ1+zGShjc2qDqX5X1rt5mX7CwU8Kvzt/SuHY77+1BbaC/367SVg1sd42BF+Uf3657asDjr5MBu+77v+yKPDxH2+M4zhuv96n3KqVl5+9z9Kj8MF21NABnDYx6VnT6gejwkqpI+8e/pWfjay903dPerecRuoPyhvnaqvQlkGcfw0dTrpErDdFJ3quCvkqcYIqzD/x7BhySarSsVgIxznikzsjuWWO6JPpUi8RLUcXMSZ64qRyAiCsjQzWlVJ2zCW+hqyk7tGdkEgP+9VScMJmMcYb6mnwecUyYEH/A6RlD42WBJdKjN5Umf96qtveXK7mKNnP1qdfOwx8rj2aoLeKfczGNgvsaqCB7jn1SVYXKxkt7JRbXrvGrPFIG/wB2o5Wa3DlonI9KDBJdRoyQnH+9WvILkEOoSHOIpMb/AEFTqWY55qlCk6wf6tofk7N/t1r21hLf3F1FbRyHZ9+T+FaSZjYx77zcf8tPv/3K63QNA/0D7Vf8eZ8iRyJ8zU3TrRI/Mjt/Lmx8j3c7/KtdFBe2unRxv9olTb/y/sm5m/2Ik/hT/bqZamUx/wBnklZYJoI/JKbk09JNuz/bkftSprltboVLpqNyBs83y8W1p/sIn8b/AO3WYo/t2cWdvFJbW4+5BG/zS/7Uz/8Astd9o3w+itI4578RzBE+WKNPkStUjCxyGl2V9rt5LIZHAk/1tw/Bdf7qf3R7V2WjaHZ6VamO2t1bHQMP5+pq/NbJHGg8sRRv/Cg6H3qSG38o7CS49R/B71snbcD5Dtp5bgSmNRId2eOKkaG9aPeEROf4q7T4feGrTVL2SIjGVz81d8vw+t44MLGjfrXdCn7T4Ti+sHiEsd8kKuFjb12rVZJr6KYRmMiNupCV9E6f4Xs4FSKa1X5h6fSqfifw/ZW9jO0Uao8ZPbp8wqpUXHcca9zw6InJXNK67OahUlM804OTHk1yNG6dxwIJ5pk2GU8ZpUIZs0wShmKjrWbRokUiWTAU+Un8SU6GXy7lStsbruqD1qSdQHGRvY9TV3wyxXVxkhCfukipNDXj8QTXlqZUt5UnPyBVU7WrJl1m6mEsI09g6qWYyL8rV2aPdafLKgEXlO5ZAMfLWZd6r9pSSBArycq/ONtWmZtHHaJo8w8OapLGkbSSFbeNcfMmea7qa1W3+EkkSRKlw0iqyoPnPz7yf++awp9OlttHnmhnMQWGGZoQPvNuZc/pWz4CsNV8RaXcxW7N9jtSFdnGcsz7B/45VrWRyuXQ816HPelBw2evPavrXwt4G0LQdMVEsoppEj8xn8tN7u9dDp/hzSh0sUJ/65pXX7PzMkmj5T8IyA3LwH9ysqlD8nfqKt2Woz6Pr25PluIo0G5eD8slfYug/B/RvH2nalaSWsME8W2SMhQhRv71fK3xD8K3Xg/xbe6VeRG3urKUxMMY3OJPvf8AA1+f8KiUOU0R12t6raS6vY+JLNQbbWIWtNVQdFmT+NvT7mf+B1S8DaZdJda1/Z95Eskd2v349yP+7rn/AABqGn6f460carGtxYXM0lpc7mBVEeN1MhP+yxTn616Vonhg+CfG+s6bK0hhuJY3tZW+4ybMKF/P9acFuRU6HlPxO3DxBPC8IhfzfLMa8R52p0rs/g14jtZt+mX1zLBsKtFksieX/EKwvjLY+drOpvjq6tH+Kf8A1q5zwpcm2v7Zif8AWDy/N2fw/wB6umMuU5px5j6DtPBENzKjx6jcx4JOfM30+48BQ5P2rVbl4f8ApmmyqOkw634aSXDprNnEPM8uJNjov+x/fqex+JOk3UO6aZrMbOTdKy4f+7zS5mYRw8W2xh8E6faqtrbyzCT++7Pwlatt4Q0iC3EZt/N9SJHGKboc0MkZu0uoZ3k52oxb/gFbgjLRliCS3Vdp6elHMzX2CPNdV0PQLPxbcLOiASRI7GZ2+b79MW00C2vQIREFKYHlORtrO+MLrB4gjKsCfsq4254+/XORyrGRiIliBk0czMvYGn4/h07UJIHs9SaG7B5L9DXkmvo0c8sckis2eZE716Dq/wBnaD/SCiRDox61xWtxWggIgiaZj/EteZWXMy40Zo5tW2AhDnIqn5xIYPztqwmWLBRyvUVHHb7t5bnca4xezcCrHI0qOEycHNaUVzBNbiPYVcdSRVW00yYtKYVA5/vU6a3kg4ZQrHqc1obInQkRybEVh3zUEiZw8hRUx0zToOIXRZNuaryWkbybJLhiuP7tM0RatZ5I1GU3KGyADWlHcQzylUK5Y5ZTWZFPbWxjSOHzJFHL7uKgj1eaOaQuiKq8/IvNPpcxl8Rr2sflXG8sEQNkVsOrPErCA/M+Q2+sCSGX7El0h8xJOkeORW5DcBbOzJLLj724cVzN87sNFp7xoNiifc27GzZW5pc726qEhVV3ZrnljjvJPOxtVT9/Fb+jrGtsQ0zSMGznZmsHGw2z0rw94njskWGYuPlV0kkd9qVo2FjDeW099c6m8+VZEj3/AHa4PT0udQxaQ5ufMb5I0SvTdO0iWzs9jxotrbpHvz+83SV10altDlknc5zVNOf7ZKY0Lg7Pu+lEttItlepJA2Bbv949q6iIRTSXB2KNu1OKzPEs0dus671XfbOnzGvepvQmB5FHEjTyFHeMOirgV7h4TtVuLaQlEIjRRl/9yvDLaZWuJlRHk2SFcivdPB90kGkzO8kamQqMSf7lXzjZfIH9kHpxtHmRf71WbkZwOv1rHXX9Ng0naL6I/wAAiiPzN89VpPFLTf8AHvbM/oXNPmRm4s27ggG0x5f36zxOPs9j/wBfTv8A8ByafpmpRalMGv8AT5fsypyLOT50b+B6t+E9CtLi/wBH+zXUV3h5HeNX+ZPnf76Vk53Kp03Ns4/xvdA6V9lh7zSSf8B8x64a/b7ZMZiciPZGld78b54l8e+IFh6W0zx+UP4GZ3+T/vlK5nXPD0Wn+B7G8wYDezu6eyqlcFWXOj6bDw5KVzk5G2WsrHAYIwrj4pt0kwY8cGum1aPbbXRVjgBq5IDmQDrt/OiELIblckD51KwLDK7vlX1rtrrAtXdvmyP++a4ZXYXmm+7ct/crvLoCLTGIHznov9/3qJLcyOPvCnlybfzpvhRXbUgFbB3fOaS+bYj54B+8fT2o8Jqp1IbmwM/KPWuWGlxHfZ3K4HCK3P8AtVCDuchBgmpoyXkIPRD8o9arxkvKpPHzc0jroj1fZBtXqM1VaQtGecnNOupNhkC1Ui+4qg8nrSOyO5fEhdcKfn2Claby87+Wx0pCgjB2n59gpGQSA7vv4qDQrxXM32jMcaJ/1071PbRXl9N5JMUW9+1ZzCSa4IBx5dbngXV/sPjbSfOl/dfaVTy40+9v+WghaM9R8O/sy65cW0cmo6vaWvmJG6RxwOzKv+386Vf1P9l7VrWE/Y9bt7mX7/l3ETrv/wBzZvr2+91K7gtRFp6ESYH7yRflSuVGl6sfEkM093cG3jZ3kR/usmxttdsIJI8upiJKR8mahBfs0sTCONjJtIk9RSKdQtlkXy4+PR+K0vER1PV/Ed55MUfmXErokcaeZs+d6IBNp37hvLursJiST/lnEn8e+mzsp1OZXNHRPC1xqNgL/VrmPSrD7ib98k0v+wiVcmmkjgjtEi8mDpDptu2Hf/bmaq2ntNcyLcyzSRyTp5Ubv9+VP7iJWrBpHzfZvKOXff8AZEf52/23f/ln/uVyONmZylcisbJmklL/AGWQR8urp5drB/sFP43/AMasxaBJr37z5sD5GneP55f9xP8AlmtdBpGkx2CobwI8yfcCx4jT/cT+/wD7datiiwgYDD6jBpqFyC94S0C00iBFWJY32chvvH610eoqIigB2oI/M5/irH0mYBi0jqFXkq/3selUNc1qVFZYFYmQ7EaT+Ba3jGwjTAieQyzOBFwQCabcCW7ciFUijzw571U8P6EzW3m3bO+FUhSa1HjUEjHAPCUEnz78LFJ1oDPWKvZLWMZX3NeN/CqUf2/CD3if+VeyWb5WA+pFe1H938B4JIkPltk/MUIH/j9YHjKDdZaiPufI5rpEPnbsfLv5/UVg+NH8uy1Mn5gEcUTbe4UfiPmqRcXMq+hxTGmEYx9abeylNRuAOzkfrVcZkzn3NeZI9WJYWXIznGaRmABx1qFSQopwJJFTzGxLG6o25mznAqz4ayusQM5yCzYrPEbfOcZ2kHFWdJkb+0Lcjg7z+VQB6XcRpdRNkbmCcYrEj05JBII4/mz87Vp2939mSdepK8VWhuZI0kZMBCQXpgYPjIf2bpOk3Qm/18DxyRj/AH3/APi69D8GwXfhb4UzGGL/AFrJI8n/AAKuH8ZaRv0TQT18uF5H/wC+67/xTif4EXghl/cxCF/Mjf5vv1tS+JnC9zIj8faskeBfH8KZJ8StYSPAv2H0NeG21zdSSbTcT4/3qvCzuZn/AOPib/vur980R9TfDn4ha1p11Eb7W5tO03UHX7TLAI43X+5+8H8FdV8df2frjRdLl8Y2PiS61+7dfNkkvgj7k/vbx/cXvivHPC/iJdR0t9Pvvmu1jKgH+JPQf59a9/8A2Xfim06f8Ibr8okgYbrCW5+dAv8AHA++hOUt2M+PLq5+0tk4z5iySGT/AHtn/s9e6+C/EX/CyvCZ0WZ/O1jSYd9pcH7zov30+qVS/aj+B83w28Q32p6XEz+HdSeSWI4yIGP8Df5/lXlnhDxLeeFtSh1a1lb7TEySgqcZ/vr9X/WmnZkSV9DX8Z3k2r6j++/dTCdC/wBNgH9a4DU/F02gXU0Hk4xJxXsfj/wqZ9I07xTp0m601Qq3lrJvMbbdkin3Q5P514h4t0e4vdWumMJOSpSt79Tnasa4+N+vL+4F1MB0/wBafufnU/h3xfq/iXxJDAl1NFNMWMkkp3o+z+/XAnwzqatn7Pz9a7LwNY3Oi3C3NxBjzOp/uf7NZqdwR6fJpE8drcwyz/Y9ReP5JIZNiO3+/XEW/wAQ/EelARR3V35ivs5feK6y619HsJImbO9NnPauet7T1D+V/wBNf/ZK0uWncaPGWqeIJ5H1a4Rp4x5fmH+7Vy31Nyow8T49Xrj/ABjpFze6i93ZQGWEpseOMfMnyvWzAsI+EVnF5P8AxPP7QZ3k+63k7PkTfWancaWpqXt7JJayq/2ZRJ6vmsFiBb54hx8ox0em+ArqCwn1r+2bdLr7Rp7QQead/kt8nz1maf52nT2nm/6WsUi/f6Otc1R3NUMVYllLFQC2QQtVdphmkRVG09N1Tai0E2p3DRoURmJUJ0FMuAqxR4B3DqWrlaOeauMJeFHdcBjVKUzTQlpDyKsPMV69PSomAkJIOF9KzRktDPjfBJ3c+lLKksjf3c1bW2gd8dD6025jeK5XDbk9q1QXKkZNvkSDk9xVnTniMz+cHAI6irUm37Lu2B29CKoSzzToQAI+O1SxPc6mGSE2JWPMagfeamxMs0ITzQ2G+9Wfp+9bJleQScfdNWrV2MZjjZEO7piueK1GasrM6RRRHao++angLKyYJKp0A71htfPEzwucH1FaujTOYncnJTpTA7PwrrE2nCS6WYrMH2pt4ZKvS+PNTsbOd3kJ3O7uki1zFjeRrOFQeYXO93qDxbZ3sqsITIc/M6VNN+8Jx5kOufitqbk+XPOoPZWK1iXnjbVb8/NcSHPZ5nNY/wDZdyBkwOPouaki0K7mPEeP97ivZhPQuFOKLMHiG9jOS5X8c1Yk8Y3yDHnk+xqGLwtdv99lQfWrkXgyN8GS6I+gpuTbL9iN0nxHJPrdludI/wB4u/NfQKLtQmIHp8leJ2Hhy2s5ldZs4KvzXT/25fDgXxHpiM/41TuyeSx7V4G0abVRqrRRc20aK8kf+0HrwfTPE+oWOuTbbuRYxdb5DC+HSPf9zfXR+D/E2qWuoOLTU7i0kdN7OjYB2PznBqn4o0602TNJBbrqM8pkkuY32/7+9KznPkVrHVhqfvNlh3m1i7jDTF57yf7QWeTJL/wMT3rtfjjpw0nwx4QszxhJP3Z+orH+DOgjXPFyOygw2yq2AOO+K6j9qaQ/a/DUPSJLZm/8iJ/8RWCdz0L7o8H1W4lW3vuP4MH865OGQqMnjI5rpdblC2M6ZxuUII/4n+f79c0BwcdquXQyJ7dQ+o2ifwFs13d8+20kDff2/u/9kVx2jaa51CC6IzGo+7710+pOTYs3VT99vSs6mxnE5C9JdMNwp4b61Y8Hwbr92PVD8map38u6E49entWn4LPmT3CHiXHy+wrkp7mjO2T5UZlHzd6qwMBuJHy7qsLIfIkA6jrVVJ9gIIypNEzaiQTsA7epPFRRnMinH3etOujuUDo27g1H5/lFeOnWs0ehEtvKDOhFEjHzGqk95m4UYxTnufmbimUys+nvPfMyOyP1G1v8+laXw/8ADkmr+MdGQTlC1wjNI7dNkm/+lZFtEv2w7p2TB3EhulSabfyaDrOmXNq7TTQPuWMt9/nmiJzSP0Vt7SO4sI2j8zLxJJJ5n8D4rl/G/ijRtC0mSK6ugf3bRvG7+Xtj/wBv/vivG9W/aY8QzaDEBYtpV9s/49wxZlX/AL4XZXlWq6te+JZvM1C43YbenmSbtsj/ANxP43+SvQT0PMqUr6plu512MPPa6Uzx/bJ2M0jn/SZ/9Z99/wCFKqWOkRTkyxxfu0fB8x/3K/7v/PR6msLCWZpba1i/dv8AfgSXzHf/AH2/g/3K7LRPCaQhLi9Cu0X3UX7i/wC7XO3qaU5WVjF8P6FeXOoySRkp5n/La5TfI/8AuJ/AtddBaxWkMcdtwR/rG/ianzXOXwB5MI6EdT9aghnUTblb86uMXLVlc6bsOaCR2kcqXUHAQ96njdbaRYW4kIyI+/4VHHcSmZvLHvg1paFZwzPczSHzrl+N5/h/3a6OQRe0bTJbsF5U2Ekde1Xb7TY3ls4kUPsD7verWnP9lYKyuwfrntSAKt7Nwy7Pu/jUFCDKjHIHpTSFJyRz61Ifm+tV5X2n0qQPmzwEIbTxNZOHYEo6Zr1y31NPLjiUksmMGvE/DV4lrq2nMWG0O4Jr2bQ5beQckFcbs160WeCyxYeIUWWVSrYV3UH8P/r1n+JbpL6x1EhW2qjf+gv/APWrSnit4gdrLueQt0+v/wATWZqoK6PqKK67mjf/ANAraVnEIaM+dr+MJqdycf8ALRv/AEM1WDAI1W9WuV/tK64/5aP/ADqtE8bI+fevJl1PUh0GKPlFLgj2pFbCjHSlJyPbpXL75uL5bBZWWTqMVNo2+S+TIwVIGai2BN6Hrs3VctFltJYpJxtQkMDVgdgs2YJCFyx+SleNsqoICMoDiqkV2piG0/x7qq3Ws224lZDvXlhTA6DU7cS6Cqy87bfzE/8AiKgs9Qx8B/FlnjEMV3DHjZ8rfPXN+IvEi3GlWllZ3pN1J8k3l/8APP8AuVqaZ4ljs/hxqXh/Jh3sp3n7z7Grem7O5xVdDznS9JkunB37a7LWvB934Zht5Z3SSKb7rIe+M1gWZx+4Q4/6aCuj1qX9zEhuMxLtxGa2U7makX3tTDLY3UM373Cvmu58PahHrenR6tp9ykV5GwZwnVGj6Y/2P3dZemaHBqbaXEB/rYk/3X/2a+gPA3wc8M/BjSdd1PxRKLq7tX8y7s9OEaW+ns8aOkX+27pKn/fdYTqcuqR1QjzHc+B/E+nftFeBLnQNaCNepH5V5u+cht+Edf8A0Ovifxl4RuvB2v6rpV0hRrWVkilP8SI7/OP0r6G8MeI4tI1qx8XaPbJp0wjbz47aTCOqP91/9v50krW+JX/COfGHwWdW08Sy6za3jtbJBGGWUY3tbP8A991MaqmwcbHi3w+eG7+HesR3t55UdlfIYh/CHdH3H9a4DxlL9hvJWxiHCyJ+89Ero7maH/hHb20s+I571JUEv31EajCf+PmtGDQG18wNetGYbGNUjYf99/6yitU9mkZQpe1nZHA6W32sDzTjPeT7z/7n9+ut020sfPAlt9Ql/g8yMRog/wBv567bwtH4e08/Y30xWufl8y52bpEX/Yrttd+DkOvq15pV1HOflkRFO1Rs2fKn+/Xmyx9On8TPTjgJS6Hj2o6NpsNz+4sdTH8Cbgjb/wDvir7+H9Jtbe0muBdx+Ymzy1tvnRv9v++v+5Xsvhn9k7V9c26eJI7HdPvnk/uKiJ9z+/8AfrtfHmnWGmwDQ/DNrBdf2H+5n81vndv9v+9XHUzNT+HQ6aWWp3Pkq60xVuWhEn7j/npGHk3/APAKiabTrUlf7IvJgDvQeciN/wB+/Lr0nxv4f1C/klm1N10bzP3iRqPv/wDfNeatoIjkkbEjgP8APJsf7tdeHxkJL32cdXBzhK1ihq2l6PeQRSaY9683mb51uYFR0f8A30+/XO3KhYRkfd+TNelQ6dpkfh2O6FpLNdoV87zE8pU3u6In+19yuL1loIg2IwuTnj5q7VVjPZmMqDirs5CdD5m1EwfWiKAu+12/Or8tuDGZUbNVmyibymT61nc4mV3s40dw7ZqpMYY4zg9Kkkuw0hLdKhYLMjGMbvaoRnZFdJhO20DaPWmAbJzhix96TLCInG1hSwMjD94dp9a0RLiWoSZXw5/AVIi20LB2HPvUClIzlJC/FTreZgAZEI7Fqlk2NK5WOeINCEjXjJqNLiOEkRKryA9azJNSljDR7EdOOBSW7lhI8f7s56VkItBSLjzZRyTW7pcYih+bIBOfwrLgdZYvn+8P51vaVLDJI0cnAVM1kwLemWSvMXxgDndWvLdbkKMTj++TzRo0SSyNtH7rb96rlzYRspwPkK/eqqGsy4GDLIFb5ZMinb9y8E/WrptYmbHlYxVe68uAbfuk17duSBZWdzt5lLe1SRM5T5YtwpgjAXL1dgmWOPgVNM6URCGZ0yEVaILRwx3Og9q0I5g6ZAX8apyzbZOq8+lbi3NfwL4i/wCEO16C98q3u5vLaB47hNyur7PufN8rf7ddF8T/AB5pviy7gn03ThpeyMwPGPutI/8AGlYfwy1O0sNT1ae8tLa7iiRk/eJurP1O4GpeKZSkaoBJ5nlgfw1y1I3ZtRXJdnt37Pumxwahe5Q7kQA7fTArE/aoYtr3h9PMACWjExt6b3rqP2d1eVdXnY5idQquvoMVxP7TsgXxPopYbpXs2ZS3dQ70lAz9o+c8R1s/6LM7fLjgEt/6DWRpFub0sCMoB1zXR31odQtJooMSHODxv2fSqptv7JgMcg8t9vBK7S/0oaNlI0oisawqvygDH4VPqkqLYOEH7oD7v941h6fMbicZyB6HtWnqyMbRnHQDBHpWNTYmJytxEGiXbzITnHpV3wYxa6nVfvH7zelZU0wRQgbBbOGra8GgIXcjGDz71y09zRnYA7A5J45qrHICJO+TxU8kJFmHY/ezWUsgiWTaec8Upm1EsXkJbyU3YIk5/KoTH/pSnPygdqhluDJMg3fxj+VJHcL5qMTwowfzrNHoRdizFGjXgJTC9gTyadFEj3Mpx5mP4FPSoEuFXUYd0sawnpuPNXV2pLcuTHCo6Rj7z0wnUgU7Hwz/AG7cXXaKN/nk/hRf9utSz0eDTZUa0IO1/knZPmb/AHEqe2M2q28cQ2rCv3Y4vkV//iv+B1athtMgihEsoPzuH+5/10qlucUpFpttu7vd/Mw+6zPuVP8Af/vtWhpfhm4u1M+426PzuJ3PIP8AYH8FW9L0Mp5dxdAXD/wBk+RP9yt6YMFUqxBX+Dp+tdaOZsZaWtvYKVhiOxX/AHhb7zn61qXF+Y1ym1kbsf4ay0lkmlRWQttPUdBVyGwmEJeVleJm+Ud6LHNqhWkLxFjg1TtuWZu2a0ViG1l2EDHeqkIAZ14rWJcS1FJ5a5/Ctzwmnms/H3TmubRt8Uv+ya6jwj+7Rj/eGa2NjpfLJnBBqjJE5vbpt392rgcEhs1WBVmuTu5+WuZopMSOG4cgsQpbsBWbrEM8VvIzcbe+cVZluRHKGWRY40HXdnFc7qnjezmMtrHM9xIeoVc1Yz5Nt9Zv4poZQkYReQe1dLY/E7VIVkZZLYDoBzmuQ89jAE3RsE45psYJ48tSo9RXR7Q832J2T/FPWG6TxL9Kp3fxL1qQGOWeB45PRK5SRFJOFA+lRGMk8pVqVxqiWpbl5ZGYjJYkmo/3nbjNSJGVA6VKPTiszWmMWJihHmc8f8BNWmtp3FuIV3I7sv8AwLrVby9yyEcAjH1NbeiahDa26RzN86O/X+H5etYtHQRL4Ovk8Ly6u11byw+d5Hl7/wB75e/7+ytDUtZtL/RbSGziuIhEZII/MHyvvf56xrhXRSYEkIP/AC0jqwiuI41bYBn+CnFIZPHfugZBGMtxuqKS4kuCEaBcIPv4rYFqECZC4HO+rcXkyq0QCZP8WKQHDPfKt5GfIAO35DimWesTxWs8Mw+1/afk/efeTY9W77Tvt2py23+qIjbZJ/DWPp2iecfMh6iTe8v8Hl/3P96g5qnY67w2LMOn7l3Z/wC6Kt+KbCO1RJRHKVzk+Ytc5bX9xpN3G4KoV6FRW/c+LZtTs0guGjnDHgbeaLmKpnuXwBn0uDVvDVxrB8jTdOI1O7/j37PuR/8AA3rT+JWsNfW11atq0Uv2zUb/AFS7/ebvMZpUdP8AgCRRIqf/ALFcl4X0eTUvD2yC9igmuohNHbbNnyp/ClcRd6je/wBnENydMeW2uIju3u3mb0d/+APWEz0KUNDe8OfEKTwtZ2mj6inn3l95t3dyyybns9/+qhT/AIB89ew/BTxlH8JNRjiutQsfseusZZLWOTc9s38Ez/3N9fKsBmkgm1aezzfXUkiSE7t6N/erqfB8V/q0zx3BMNmFAk82Pf8AKP8A0OsISSZuqXOer/GrQINQ8da8dIks9Ps2aM+avl70Z/4v+B1kaP4Okv3nto5fs0EcaRySeZ8jsi1V1nxBp+jRSMiBp22/u5H3P8q/3/vVyOq/F2WNYYJZtsBPr89ceKq82h24akqUrnp1nocKR2Vr9pFxNE6f777N6J8//A69D8CeLLjw9NErAy75EjktpTv3t/Bs/wBv+Gvky7+KMGm3X+gLJKfl/dxnZ/v16Lo/x+uNH1Dw/rhia70y4ZFkjLfcZG2bv9/+KvncRSc1c92nVg9D7d8R/FqPwlYajaWkSRzW22OSVPuOzu+9U/3K5K6k02y1W4lnh+xtIisxMe8l29JP9h02vXIeF/F2n/E9oEsGka/hZo3ACPIH8zfI4X/gfWun0ZNT1InTNV/dGw4k2Derr9//AIGrK8lePLmp6HbSgtWjP0mzWyeKzv4A81zcQRxyoN6Tb2+fy/8Acqx4it4/C9+qyvDBZSTEPKVHz/8AXSrtv4tu/DN1d6ZqOmRXmlqfMhuYnw4X5PLjX0f5926tH4gWK6z4cu1kt2uleP7a6qmZAiLv+RP76p/4/wD8DqVXqLqaypxm1zGFJouka5lp7W3v4TJ1gPlyVm+Pf2SdA8Z20U3ht207U44/MwSTC/zP/rM/c+5XB+HPiXY6HqP2KSZ7u2lRbu2vYRuhmT++B/A3+x/wCvoX4ZfESO4uCJLyMwsEH9x0/wCAVrHH1qbVmc2KwkJQ91H5/fE74Y634I8QLY6rYy2M8JWQBx8kif31foRXFPcrb/eGQPWv1j+IXwz8P/EjRDBq9lBfRuMo8v8ABIf40YfMnz+nH3+Oa/Pb49fs6X/w2vZp4YZE0mRnkEe1naLLcI7j74/uOPnf2r2sJmSqe7M+NxWDa1ieH3U1lcbgm+F+x+8KLa0Zo9wbc3Zo/lNMOmqreQN6qP7vFNKNDJ5cbMiD+Imvo6daDPJdCa1GTJ5ZO9ju7s9U5J7c8yMNg/CtE37xgxuA6f8ATVQ6n+tV3stNkbzHhNtJ/et2Lqf+ANXRe5FrGVPdwMx8rIHbk1oWjM8aDzR9FGTTzoEFwr/Zbu3/AN1nZCada6Re2jLiDj+9GxcUWOcjl091BYFsn2IpI4GQbtxz6Zp8u8uSS2M88MKWGJi24O+PrWTpk8nmT2iTNGWHRWya3NOzNcSbD820HHrWC960YYIOPutVqxu3tmDr948Vk6bQ/ZnoOiTG1TBOSRjy61JLrzVIAxs/5Z0vw18N31yw1Zo7c4+fy5X+Z1/2K7D/AIQjQ9Rur0zWl5BdlPPSS4m+/wD7H7z+GphL2crlR00PNrm+EZLZLP8A3AelZq3BMxlm3bT0x82K0fEmgy2eqPE0Tx7HICM4LNz7VTv77T9NjUCCSa57712pH9a96FT2lM1Ibq9RiCpYj34q3Z3cM8e1UYn61g3fiCWUgJHEoPoKItTniTKuqE/7NZrQ0TOnIcqNkDKP9+qD28zXQ2W7Of8AfrMGu3QAIlVh34pi67dfagUkVD9K1UirnY+E/O06y17OnRyG8tmgxJv3J8/30rC03WCNUujyHkfy4z3qhda9e5wbgCKT53wPv1jrcS+f54lxKj+YlRPVo1jPQ+4vgppH9laEseMF48yV5j+0Lpk2q+OtJiH7qaKyWOQSfwfO5+T869Y8E6pHY+EYbhj8xs0kk/755r53+IXxPfxT4ntJv9XMI/Ljjj/u76pE0leTZ1HgzTrSx+22kRjMuxXeT+/XCfE/R7qbxFH5FtJNCI1CYH3G+euz8H2DpPdTsSCQBWoZhJcy5Ab3NE48tmCqcz2PBNMtSl8ysHhYOQRJ61qa7P5Fg8mcxbNg/wBtq6zx3bRwSacxRBIZGc7B96uQ8Qy+fBGhXjzMrGn8Fck9TenG5yGoxRyl0242VueEf9U5UglMfJ61i3ykGYc57+tdT4Ks4rWwE8ww8iblTqzf7/8AcrCKNJKxqSPuYKPMklf/AJZ/wpRbaC75kknhjBPd6t6dbyXEmd7j/pnGc1cksUgXiFv9xRWbg7lRlyoyv7Hs4pS8k0kp9IlqA2VoGZo7Sdz/ALZxXSWFl9olKCNl/wB0Yq4dEuxlI13D/bNWolOozgGHkNH+5jyH+TzPm2Veg5bJEcpf5Pv1ra14ZuLe3MrRp6/u6f4Z0KNcXM3Mufk3/wANNQuYKdyXR9HlnC+a/k4/7+N/v/7FdHbxxW1yI9g8oelK8AjTJYE47VXmyTEB1L1tGNhanQC6LJ8gOB0HpUSzOXO/PpzV/TbRRGCwz9aivolVyAMVZBY01lkY+tah2pGg6gHOKytLVY+TWvGEkwDW9i2tCndyttYjvWZGzGQ1sX6qiGsP7QFf2PeszAtrwG966jwq2Y257Vyay761bXWo9IURCOW5kI3+XbruatFqbx2O1U4Rj1xXN6zr0VhbagDNGZUuNiRx/ef5E/8Ai6htrbWfER/fudNtD/yxhOXYf7b/AOFalnoFnpUYijiV2379xG5zJ/f9/wAankuUcI2ha14v+eZxptsfubjsK10eheFLfSgWSLzT/HI5zmtor9nEfoH9KfZykxTr234NPlSHc+JY5FI6/ktPjYE43P8ATbUQt2VTyn4VFhlOM/lUGZeePA+7VdlAb72Kom1fPM0h/GkNsndnJ+tHMDkXpPnIAY/lU8aooG4nP0rJitgj5Z5Mf71W2tIZ0wJHB/3qsxhuXAfmwOR6VDOoUSmSTy99R6No9tPqkVtLeyxeY+3ejV2cXgPQ7+eKKbVL+WO1XYrlM7qhI2nO1tDk4LuUWnkStJHFv3pJHTV1EAgq5bZIv7v1r0vT/hjoRXG+68jfvxv8qvNtd8PSaZrdxa2oMsSTt5chPVd9TytEKbZ0MmshbXzcD7+zy6WLVJcTBEVR18z/ANkqnbaNehQHEeM5+5uqyuk315P9jjs4w0h2pHGMM9M1WpXXxNdabqPmvp+f3ezywn/j9aOiwQ+JtGS2P/EuS2umeWTZuV46u6b8O7u3uza31ncwSgYeMxutem6D4Q0fw7pCSM1rbSPHvfc/zq39wmuCviIx2N6WFlN3POr34WzXtvH9hvftEPy+XJu++tUZfg1raGLEJPz7PMiXb/6HXYR/EAwyTrb2q8ffjiT5f8/JWpa+NL2K/sbM/aVmvCqJHImxf/H65Fi2d6wy6ne+HP2evGM+iWV7bWV1NZ28LxSRxyLvT+5srd8G/AV9Y0+7uJre4W8hbN558bK8yvI+xk3/AC/Iny17J8EJ/FVx4Nu72w8T6YMu0cnmfOif8DevR4L7ULO11CH7Rb3ewLsif/loro/y1DxTfQTppbHxp4w+HjfDzxEivCZYQcx/ardWdFf/AGE+/Xm3jnxbJpZvrMQQyS3RWSOILjY30/gr7D+M7O3hnU9WuLOEQwhY/N3qj/7v+/X53eML651HU7mRQfPj/d+UZfn/AOAf36zVXnZpCKRPJ9r1dyXuwuZOZZD81c3qnhPVHbyi1s0Ik/1kb/O9dBf6X/YelaF++/fX6vL/ALi7tiR//F1StfPGpTQGH/lo0ccv9zY3z1UoX6hUla1jLh+D2otpn9tXUz2UIkaODcsivM3+wn8af32pNDtIkjFtPPLtaNsCX7jyp86Jt/29jr/wOvTr/wAQWnjSayN6/leXbxx+V/Ai/J+8/wB93+asvxF8OvsMN3fafcFvsrLLHLHH9z5vkb/vunZWscyuL8HPilc+BPiJDqz3RERvI5Gi/wCekOH37v8AgB3/AO/iv0U0HUtN1K4Btrg4xFdRy5+WdGV3X95/B8mz923+zX5e6s8Ok6hfyQweSl2RInl9FDfNs/3Ef9K9n/ZT+MjaL4o0vT9avJPscim2jkkPoNiN/sbN+3/vmvNq4OMryPVo4qVuU+7Nf8GQXDZlXzvkSSSPzPkfYyb1/wC+PmqLw3pYtdbhu4LzzrGQYA9vk2P/AN8JVjwn8QYPHNpOGuNk1sxd4s/P8juj7v8AYqX7LLpep+coAgk3OIpJP/RdfPVafJKx7FOpzRufLnxt/ZNudL1Oym8MasNN2hxbxSL8ju7O+1P++6818FfGrVfh3rkujeLNNuNP1OE7VRuDgfIjxt/GlfbXx1sZr3wTbSKPPijmjaTEnzx8/eT/AHcV5ZF8OdB/aC8OTaZ4gs1t9csGdZbhRh0fe+2VG/jV0+f/AC9T7jjytG0K75eVo9h+E3xPtPGmjRK15DJG6pIREd+N/wBz/cau88R+ArHxVpcsGpxW95FIpHzLvDg9m9v9uvj/AMJ+CdY+FfiT7PBfFLe2jGI55JApTdtDf7ab/l3ffR3r65+GPjSLxFpyidtk68OjfKY3/u1zQ/dy5keXiqX2oo+Y/iz+xtpfidy2nQwaXqFsj75LGLcssm/em9P73z7K+R/iH8C/E/gG5kfUdBnjgUkR3sQMkT//ABH41+svieBWkE8JGSdn/Aa5/wAQ+EbHXtFe21O1TUIWG1vMAMePx6/rXoU8ylTklNaHlyoe0XY/Hn7N53Xjb2/vU17EL/Djf+lfSX7V37JF38KseIvDsU954buZSskSiRzaP8/Mn+x/t18zHzsS5mzivrMNi4VldHjVcO46Fe5sFhLIQ7BueKjs4I7aNnS5mhLcYxSwzSN5jCY5Xg5qi17KpZXkDYOa9VSTPOlTsbNrcXCA7LyRh/tqK0LW+nDDfImPXYma5y3upGXPmOv1Y1YgvJAf9arfVhWlyOU37e4R7iXckB/6asvP6VpaekDXEP7y0m+0fJgcVg2GbkEdCeuErqPDun/Yru2bTruOWVysn7uP7kn9x6U2mB614IhhsIon8ySTaPL+zxvs2NXol1faIbeaYeHpDdx/I8juXVK8KWw1i/uJpj5guN/mHCbFz/sV2Gl+JNUtrO6ury9g8qMSZkuYfvlP7n3K4mtblw0I/HXiXS21DV75bCNfnh2RyR7Wf5P7leNatLc3F0wkj3ln8x/9j/Yq/wCIvF1/4mvLjUrqQNK23ZGPl/2KyoJnmDbl/emTMknmV3UpWVhtFaOKUufkxjtS7pGQ/L0q9cRFXXY+dxx1rQXw5eFF2DIaugRz6ySKOI8UeZJnPl810X/CKX/90UDwpfZ+4DWq5TSxzoM0q/vUY43cexpsVvK5CeWWZ2VAM9Frpo/Ct0JWzG2U5YbE6Gt7w7DbaSklxcQyPcEbEXZVXjPQym+Q9o+IPjWy8L/DxrGCcR3skCW6AJjavl/PXi/g/RD/AGlY6hNIWA3fu5Ky/iHc/wBt6/fDefJDL5cf+1tqbw7fHzjDNN0+SOOLt8lYVJcrR30EnSfdnqegag8ks6rgbEXpWL4t+IlroOpzxT+YfL2/6uOom8QWmgwk5PKK/lp/rfLT+N/7leTfEXxXH4h1+5uLdi0J2p1rTn5lqZwp8tzp9T8aJ4s1G1itY3xCPmZuxqHVXSAJHDIJ5JD8wPc1x3ghjdX0ih2Rz90+tdpdslrKzRxrKyj5++w1zy1NI6FGDTo/twvZXiW7f5I1k+4ldHYp5bMko5aQKJH/APZKpaMzXoclMyP9xdtdxoOkJYoJJAGnbuR932oirDZd8LeDBMpF35gw2dm//wBDaui1HSbGxiOEHH8ec023nESxyZD1R1m+M6FQOPShRbI57uxnIRJeHyZKvR3BgY+YN9YduXW54XaafcTyDPzGhxLvcueIpFNiSGGMZxWRp0yyg7V5FLqsbS2h3MQdo4pujBo4WLLwO9TGOrM4wJpJJt2MECrVvG73ERIpkkoKE4q3aK2+MirKZ0cDeUgLHiqd3L582UPAqwjhrd9x6CskSEFiM9aDLqa1h8xjx6mtTGFyOlZNvkpEU/d7OakvPEUUOofZraN7s7F2JH/7PXQblrUT+7T/AHlrBu7+MXptoojcyn+CP+GrsXh7U9X1FXvwlvAn7wJHwv8AwP8Av1tWOj2lrdmVQDL/AM9AMVmzDqQ6Z4PuLza12/kRffEMXU/7710Wl6Vb2s0jiEDA2dc1IBiDzM5HvTrW449M9z92p5uU2TLgBThRj2pAfmyRmud13xzaWP7qOR7m6zs8q3Tc1chrXia+eHffXzaXbnlLeOXe7D/drTnRR2HijxfYaP5Skeeu9gyR8lTXMS+Kr/VvL8ny9Nt34BuH27/9uuEvvG1vG3/Evttrj/l7ujub8E6VzV1q0t/JuvLmS7TsZW6fRBxWTqMDgtw29KCRgcUxmwPvYpjSHHDVRmStyRxUbpluBRvJI+b9KcGbPWkIj8r5Tkc1EiEE1YeQr1/SoS2Kq5Fgg8oXEco3iVHR1xxStd3jzyZnfCN3NMzjnvUZZjvxkk1EJampfXVNSZMJf3AjXHCN71DHeSSzwSPcTMxPzGT/AHqWJwluFU+V64p+mWr3k0UEWJncjGfrV1JKwWuz0W2m81Sf+eccZ/z/AN8V1Hw/8Bar4k1STUmkjjtLQpIbi5faOf4P0p+jeAnC+bPf2w8qYI/lvu3KyJ8n/jj10ni/UPJtDpVsY1XpIsPyB2/+wrwcRiuXSDPZwmGjK7kM8T+NQbmOTzFnu4/v4X/xyvNPE17PqCTyTPt82Tf5af3q08TFuT82dkhuef8Aviue8QXItpXtIePm+eSRM/8A7NedTk617nqxhGmtCPRdKN7EY5rtIYTJseNPvv8A7n+59+vWNM8UR6CdMgsvGML2kuyF49SkeVYfk+d9j/8AsleB3+oTDEMJx/08g/cplrdRsJImOYvL2PLGnzf71dDpW6nm1Klme7ad4z1u/wBWvLfQtQubzT0nzJLb/uFZd/39teteJ/ixNBp2lXuoStP9hjkjk+znbvb7ib3/AOB159+z5pmm+Hbq2udTsrm801mUyXW/Ym7B+WNP43/36m/aG8b2Miw+G/C+nQWPnIpurlH3O7bvu7/9/wDhT/4us3T7CjV8jzP4i/EfxLceJf7KvNVMOjO32m0ijWQoiv8AOjIn8f8AvVY8E2v/AAlD3sZ03dcR2ksmwv8ALIqN95P++6mvLXTfHXhG7hSaJtW0p7WK3mbYrtE8czyq/wDf2v8A+OVzvwvuP+EeuvHF1ejyLzTrCBVjlk++XuF3qv8Avor/AHP9qtoQ5UWtTrY/h59r8XWVleQlYY9vmfw+QqR73X/2X/fqi/g+5VrmeG2j0yaWC41OT9586W3mIjyb/wC+7vtrc8G+JUv7bTZNXu/Mn155/L+T77I3zt8/99/lr1f4t+E7rUvCOrw29h9smjhhgj/d73e2SZGdX/296O1ZfWNbNHRGhzK9z5Ou1uw0WpD995n+jxn+FG+4q/7mzfXp2leJTpngzTry4xeWvmeRcY+dvs0z7Nv+8jpuq5ffD1rr9nXXtbigjSGE2cscmP4nunSvLrS/WXT7yCNvK/0lSgz9z+7/AOPpW8ZqWxzTj7N2ZD8UvCT6NNcQuo32skYQ9c/7Xuj1zsflzWtvcW/+jzj945Xjc3mV2fjDWEv/AAnHetcyPNGslnJHc/fTb9xf++P/AECuF0m/BtBDkH92lb20OZT5ZH038EfjpJZauL65vI/mCx3EZP8ACjIiN/t//YV9ir4203UbO2k3R3AZ2UeWU+8v346/JCzu59J1Lzrf5fn8yOIcJ/n5P8/PXufw/wDilqOiWEtul19rhuFzJ9uLOiNt+dU/30r5/HYdq0kexhK6leLP0Lh1SG+0v7WZvKSP95vPKOv8e/8A9BrjdQ8FWvhx7/W9KcxpdpuZV/eJHlt6NGP9/wCb/vr+/Tfhr4gm1HwZBLAIrsOWaQP8wCnGz/vtPv1qWmrf8I9rUNoYkjspAgtJWfcj7/v2z/3H/jSvm9T0LdSTQI9I+KGnzaRqEIt9WtItsoUcneNjyI/dHR/87K5LQ/7Z+EXiVLHU3a+sWZlF2kG43Cp8kbuf72z5XNdNrvg8aJqFrrmk2zfboy7eXA/NwPL+RJh22f8AxP8AfetzxAjeLfD13qWlTmO9EbbbWZ1KwzBMbivqOje30pGald2Zv3+rm+tLe9tCfIldC4k7b6teFNUiuLy+0e7I86I/6sfxq7/I9cT8NvF7XOgTrdqVa3fbc2zJzGw+9H/33XXavpNjfR6bqthHIbuDmPa/8L/wyf3s01BT3OSp7uli/d+G/sNreWl1Iuq6HOroRctvdUb5HRv7y1+c/wC1b+y1c/Ca+l1XSd1z4eu5SFVBl4HeT5EP+x/cev0n03xFHqegxTyDyXHmK6L1Qp8jpXBfETRtN+JfgvWNFvX82CaORBdxpvkOY3+6v8W3jmvWwlT2LsjhlRlUTsfj7An2fUZV/v8AzPGe1Vbq1D3LELtB9a9B+J3w2uPAviy+sLt/mj+RLiAfJP5ft/ex99K5K5sctkSdfavtMPUVSPMj57ERdN2ZUtrc7cZBxWhZwDd059aigtBGud5NXbVzG2QAR710nlvnuWYYnfISMqVOdwNdj4Q1FNJlZntFndjnMj4rC0+ya9iJZBK7HO2M/wANWoPDdzNM4S1ZmXnbsf7tOC5wV+p1t747F6T9q08Sf8s44xI+xF/3K5rV/Gryac2lKMQxyF3kkf73+x/u1EnhW9b7tvcSHzPLEflvu/WqN/4duLQvHPatCP4/N+WrlR6nSkZxmjlKsy4VOwq1bTRDduHyP0qFikcbgqMdBipdLtzcyLuH7oVUY2LOn0jQlvtQtYivAKvivXbLwqixKoGflrF8K6EjanDIFwPJSvVba2SCFcjrha2IOK/4RZB2/ShfDKBhxXcvaJziqz22DQFzkYfDQXeREoznJ9aydX0GKzuLeZlQYjftXo0GnF48+ax3E1xnxCie3u7SEFvmjerhoZz948Y8WL9l8Tam2JMo6skf4fcrKuNaOjalaND5amNPMfCfxPXq0ngY+N7svZRx3NwUyWYOYzs/grxPx7ZT6N4ou7CR0ZocKfKX5fzqasW3zHXhqiiuVlHU9dm1UEu5LHqM1mQ2hdcr93vTxaF0yOGPWtCxtzHH0yO9ZHTc6Pw7p62sKPAr5ZPmPpXT2Wnm+gMSxSBWGC9U/hnpz6sbreDhOAua9Ht7SO3tfLSMB06gGiMdSJzM/SNJXTIFCx7yBjc3WteCeIdQ270zWeNXl80xyR7+e1SLMxkGVAB7V02OZ1GbelbJbebC4+Y1W1JhBxk/dNWtLjMVrI2cZao9VXc6DGcpSew4bmTHegzgkA/JSNmaLeB0emgKJdpTnGKsI2y1dR/ernkdBS1clrTOMcVBpsjNbEexqzq0o+yADniq+mOqwE+1SBZP+qrTsid0XfJ4FZP2hTgHAzV21nN9OPsox5CffP3d1UmM3bvMEW4uqH0Nc29+wuMoTO2fux/dq3/ZN3qJL3twxH92IfIas6barYzbREFQ906H61rYmxPaR3F5taaQxL/cWu48MaZb2YEzJGf9r+KufitIgA4O8f3FrXg8QW+j2++eeOFB/A4yfyp2M27G9qfkyW7sNyPngHp+dYLTR2yPI7qu0ZOTWTrXxCd7aRY7VbWDP/HzdHaD/upXnGq+M0jkd1lfUP8Apo/yIn/Ae9LQUNz0a88cRM2y2t5Ll243uNoH/A65HW/GLWzsk94+7/n3sj8h/wB56891Txbc6opjlvHFv/BGg2qKxTqMkg2w/LEPvjP3q55s3O5n8a3MOVth9kU/feIfO/8AvvXOXmrq7qZl34+/JJJmSs9WkfpvAPap0sxjcx/CslJoWqI5Jrm5GLZQif3u9MjtpEbMzszf7XStC3jTpuIPotWzGmBvHHq1aXuOLPPDCue9NMQ96gEjbuj09HyT8r10EjwMZ4NLvwOhpFcYPyPSGVdh+R6AG9aRhgHNOhyaSajkGIx+QNUW4BWanyN8irVVn2q6is4R5AgWYn3jkZzVm0gKEGQop3/uyOPm/wAvUWmIJyBjmu38K+Bor/UYfOu7byhIsl1HI/zIuz/7CubEz5I3OmnDmZ6pFI3h3Q7KDanbzJNv3Tt+9Ve6b+3P9MlPl/8ALRz/AH1qlc6gPFOsbvLMduPlEUZzxWPrOoi1uJlE3kwh8IIvl3LXzE06jvsfTYeKpwJ5fLujLEgkhhzl5JP/AGT+/XKeMtQhF00kE9vGLgK7k/x/Js/9kp/ifxZBeqBp1t5f7v8A1fmfNu/2647QPDV/4s1GSK3Hm3cUbTSeZJtVFRN7vveuvDU7JmVWd9CK+0vUNaBEMTn7Om/yw/8AD/fru4vDkPhyC60y/i+dEWWc2z7vtL/J+5R6xNKsZPD959ta8XzduEkBd/l3o/8A20qx4n1e0166kOoapbWN3w7+UHETt/f2J/FXW49DxZNuTOm0/wCIkJjihv7lI9MhtUvHsUPybnj+SFP9v50315tqnjLf8QILpgZfLvFIjJ+4u7ft/wCAUupfadJk1SyngVVcKYp5Puzb5EeN4ZE+R/uVy7XH7gsYPmlTYTL9/wD7aVrGFhc/KdNpetSWF7dtY3H3ZZbiOKT+NXd0/wC+9j16B4gns/EHw5ils57b+0xf7nj/AIyqozqn+5l3/wDHa8m0tv7KvN8WMCP/AFf/AGzrutGjhvYoJrP+CQukX8e13A8tv+Bx1Uqa7m8J6HTTNd6P4m0aJ5Av9g6bYmDH8fyJK/8A6Ndq+0fhfqE/i/wLpGvExEyXty9xbfcedVDp5f8AubJfn/2/++6+EtU1w6L45y3+mNHZ2sSSmP79q9ugRf8Avj5K+gfgb8RUsvBFtpcl39o02G0fyx/y1haXejq//A9leZWo6po9CjW0szc+IlrZ+EvgxqOn6TLBcabeS3MFpaOn3LmJ9yK7/wAaJ5n3v93/AH6+OPtJFv5sfmCO53RmRema9X8e/E+6uNDjgWM2vlX08sfmyfcWZUf5P+/VeJyTN9qt4y+4A/uwP71dVFWRwYiT5jVudeE1hKhYt5zLMQT/AB/Pub/x6sDS5VEeAMbgqD6cDP6Ur27DzY88kYX6dCP0qhBIYlQjon7v8OortscZuGPpKfvK28H/AGK3dDv1nuQFPDHco/vf3hWNpiGaEpJyS236D0qRbR9LfzEPyl/lP/PM964q8OZWOuhLlZ9efAD42wafPFZzX+3hPL8xPkmV/k+T/crs/ib4oubMxXvh6SS0huJGZ7aSP7jJv2fP9xK+W44Ik0uxvtKiK3tqE+1RjhJl/wCe0f8A8TXa618UHlsPD17p2qtFqVvdNayWpT5rmBFR08xf49myvma2HjzH01KfNE+jfgf8XX8Y2CzqwguYnSGeaf8AeLcONnmRv/En+w1ex6Ro+nwavPq9pndfIkn7vbsDf8tP9xn9a8P/AGYH0bWo9aezm/s0axImoLa+ZveJ+fMRf9j92K9a8QeI7X4fRNPNY7tGPyXTDpbh2++3+x/FXl1UovlKmk0UPHmsx+FNQ0vXbdStvNMLfUYpE/durf8ALR/9tOP0rqtM8X20ch0wtIbe4VmjMS796+Z99D/crNuLi0utNlkOy8sbk+Wy5yuwvwzH++lYPg9LjStS1nRbu2RIVc3FgyfOs9s6fIE/uMuw/J7VnF2M1T9pHU6e5+0aKyorE2iEo8n3fvt8j/8Aj+yucuvE0egvBMJ9kd6MxHZ/q5N/KfR9mz/gdT6rqH9veGbiyiuYZZYHDpJA/wB/ZJv2On8DVw+padH4s8K6roSf6Jd222e1Bf5g7/On/j6JXQmb06SSseUfti/D6CdB4hsbbdBqeDeoB8iyon+tT/eQ/wA6+OSoBxiTA45/z/sV9yfFK61Hxn8ArSSOMrqGk/6+I/u2+RH3o/8A2z/9Ar4VuhLb3M0WHHmyb/3n+sr7DK588XE+RzWioz5kKy5baPu1LF8vy/w/WkiG8Bec+/WpHXapX+KvafuHzzNXRtXl0WUXFleFJkB+Ro9y1rr8VtYS3lea8hgZ9nzw2+1vvu1cxbQxJkkb3I4B7VPJbtJtWQABehHAGOP61pTlYSXOdjonx2vtHwIJLV/n3/Paszv+dYHjD4h33je7ae4GAU2eWBsV6ym0iNjnCOPbBpU0+KIvkY3GuhyuhSi4ELQyywKApJ9Aa6bQl8mBUkt2LnHap7DRgixSqy4Nd34e0lDdRvIV2+hFEEVze6anh7xjaaeYzLZ6issUaRv5lq//ALJXVD4naQRh71o/aaJ48f8AjlWLABbo4GRsVPM/u10H+jqQJLmJzsxkfNWsYcwrnPR/EHw9KwxrVuv/AF0fbViT4gaEi4XW9Nf2+0r/AFq8YNPd/nW2m/30Q0y50HRbtfn0+xP/AABB/Wq9l5mbYtp4s06SKPyL+0ndsLlLhT/7PWR4k0keKZo9l6sTKjL8ro/9asjwP4cuFxLpVhuVyflhVP5VQf4eeE0OTp1uHbJ+V9v/ALPVcljJs0vhXFFo9lexRHOy8kWQ7/mfCV8zfE87/H+tT9AbhuNle4eDPAPhbUP7bl+yoJo7pk8yK8dFRfzrwbxfNCviDW387rOzp5b76mo7paG9BWkZ9vErpyvX2q1DbMF+Vgo9DWAdfeOPMeT71Sk1q4mP3yv0rjaZ6V4Hsnwun2Wl+YjnL4zXYyXotnLg89xXEfCK2aDw9M7ngy9a6jUmD7mHGDW0DDqQyXhaZmQYya1LUGVUZu1ZUMBlVCvU1swN5Fud3Udq1Mmjc03aYHUnFLcyCS4RVO7AxVGzvJNg2xdRU6q7urOdmT1qWXTM6SFjcuxAAHfNV/NRGkBlA9qfqOjNLJIyXTcnoKjtNJNuTuHm57mueR0FS+lWVGxMOn3RTdPhnlKxKgUH+Jqk1HS4yDIIiMc5WrdgALdHBII9akBG0lICrzS7mA69BW54f/0e2aMBCHOc4zWJLeJExlnnQDPSTkUHxUkW6SFVUIPvuMJTA7aRwlqRvUL3HSuXvNes7WTZDI00nePt+dcPq3j6Od2Wad7hv7sfC/nXL3vig3JIWQwJ/cXqfxquYD0zUvHJtE2GdYh/zzg5auT1Dx2JiRAjJIf+Wk3zNXGfbw7ZQMG/U1ZhjkuuSu0/SjmMWXrvxHeSsoeSWQehNU5L2ZgxUSLn+8cinR2hTcDz7E1LHbBCpZSM+9Y82prTRRjheR8vlv5Vq21qNv3P0qxFBk/Koq9HEUA3CsJs3IoYlZTxtYdKkS3Z4j6+lWPIEykp8rChWMNuwHLis+ewJc4kdou0ERlD3NTtZwzxfvZWWobXfMuSXFX0SFo8OW/GpdRlxpLmPAP7XmZuHqaPUbkg4asm3I38itqz8sjkV6x5txqajc880rahPt5NXBDGwOBTHt1KnAoALbUGbGatmQuwzVC2QLIBjvWkMAiqKgQuMvTEjVieakYBmNLFDuJweahm5p6LCI5/QIu/fXaacPseiu27zftMvkfc+/8A39n/AHxXHWj+YPL/ANUEGHr0ZXhXSrRQkZ2ljHH/AHa8fGu8fQ9XCx5my5oV+PDX77yTJIiMEjP95v464fW76TUf3bDvsSuonhzBLP5r+UkO50/29/8A9nXLRWwubmOYyP5UG5/k/vV49GPO7Htc3KrGZbi3kdjNJ9lBTzn2J83+wlR6TqrR3mp6jAxtRM7rDHB822F/vo9ZyXMMeoPjOT5kLxo7/dp91M9nKwAMkSJGiRon369aMVFWPLrVbst3N99mvbeS2nni+zOrpIj7WRtlZV3rC6ml406ol1I6ukifL/e/9Dqjr2oGTdFEhTzPn8z/AGao6VppuDJmVI5IyPnf+LFbRjzHDKVjufDXieN9Og0G81VLKJWGJ7iLfCFfokifwJv+5srM8Q+GdRtdRQvpsflSfPDJat5kNxH/AAOj/wDA0SuR1Gfkg4JR+vriugttfmt4Yrfz5PJjUNDHn5UbYi70/wC+K2jTuZ89yDVoRbahLbBlKodjPF91j61s+F9SNjaSBHjiIR0bYcb/AErnrmSMxyMAFGCcsag026jj8pZl3IXPzDoB60nTFCep6N45vI9Sk0HUYv8AllYLav5f7zeyfJveoPCviKbwvc6kkrebLcxqzxyfdbb9z/8AbrGnYBRj97bumwDsKvap4gXxDoy26raLIJt8MkCfPCn8aJ/sf7D1zSgd8JkvjW/M9vFKZHk8yKOZMHP8f/2bpXC6gSxBj8zMfz+Yn8DV2Wtad5fhqxjH/HzpTtb3Wx/uI5+R/wDvtdlc1cWvykYQg/3+9TDQxqtyYtzrkt9Y28VzslVB+7Zv9YP+BVj22YmZlklZd2XR+tW4mXYY1RNiHnAzTZ0Ac7W2IR0HOa7FscD5zV0vU4VKx3QxD+7R5I/9aP8Ab/269r+FunjUbea0uore80j5cSJ9/wD4H/Gj1887uh/uV638J4JoZft2n3HkzQSRSP8AvPlf59iI/wDwJ/v15mIUoq6PSwVpz5JHrF54J1PwNJOtp/xOdJ3bo5I490tu33Pv/wAe/wD9ArkfiTp1jFaX9xY3dvfai5tpEksw6K6uux02f302Ij/7bvXvmjXianpYmsLz91dOhtp4iipaP5f+omT/AMc315r4u8WXaGe1udDaO7ykknkxxr+8cv8AP/tf368H2t5uMj6hUvZrQr/s5eNrOG5trOaO4s9XjkRLa7k8zyEKujkf77pvR/8AYNfcGleI7Xxlphs7+K2kDxtatbSpmORf49/+w61+Yl/4i/sK6yt39inztQxJh8/xyV778LvjFcaQ9peT3jL9pjR/LlXdbXEbvs3o/wDD/uV5+Kw7k+eLMIzu7H1Np3gs+CbKW0gl+0aM748phseBf4P9+udvi9osjyGX7bp6sI5baPclzE/3N6f7Gz71T+C/H1vr0Ysry4EPnRpHx8iP/uP/AB/8DpNe8JarpbSTvfGezK/ZpPk2ui/wSfJ/H/45Xl3cXZo76cbo8yT4rRDxxDFAY7G9mjaW5lHyeY+19ny/x/8A7Fb51V5vEmk6hHIIppwnmdt/9yvK/i38Phpeo2WqaZepc+VtfzS6732M/wA33E2P8n3a9E8BAeIYbeJ3J2+ZHyfuf9NNn/fFdiWl0WlZmdN4xfUfD3j+zbEP2YzGOT/lrIrL86v/AH/kd/mr4w13xU0aG2kl86ztt3lxyjfsV/n+R/7lfV/xHt/+EcGq/NLH5tnJZyS4+eT76eYn999iJXxTfWSm8YQy/boMuI9w2GRNz/N5dfTZVufKZs3JliHVIZLhPLHX3q4tyrzMT+FYkShJk2RgfhV6J8yPuFfTy1Pl2atrLEJC7nFWln88sEORWPCYyQC1aVq8cSnHSsZTsFNaluJBEDk8mq9wQgG9sUn2lWk3A1Wvis+BnFOMy5o7+0CiztQDnBQV3tg0FpZRTTEKFfHPvXEWUCxLp6nOGdK3PGExOj20cR2l7qNcj3avQp/Cc8vgDXvFL61czpbTzxQRXNtHthbb8u9Pmb/Zr1DTIXga6LRRN+8wC78keteJyQiztdUj85BEl9Cmxhh8b0617FEkYWcLGXO9xlupTiuinpciEDUW3IaTMNqP+mkm6sDxnfT6Ro8lza2trdeX9/Y5rkviD8U7LQtPZYrFrqWZNm4yfIPy614/r3xZ1zX18szixsymzyrVNm//AHzTdS3Q0sj2nwd8T7OPSbm61aS00nY+zy5Dukb/AHErkvEf7QNjBqyNpmnR36RpsjaaPYj/AO2K8LmE0jElmkY999IASVzxj3qOe5DidhrnxM13V7a7Rr0W9pI8jtaWibF+lcsGaMyk8xtycvT7DSby/wDM+zxMf+mrjC11GmeGNO08rLqs6TEJvweh/GplNI0hFnNabpN9q0siWsDbD1cjCJXW6f4B0/SSst/PG7j95mV9uPoKbeeOEhjMekRLDGP3eXjz/wB8VzE91PdyGS4lZz6yHP8A9audyubpHs3gu7tLq0lS0YCD94se/wD360rxdsRBPIOMiuY+GMPn+HoliXqzN+ZzXpWm6JbQiVrkyM8f/fNaRdhOXKZWiWk07RrHEdh5LNWxf26WbRhMSseoNatldxiymkhiGxflDCuQvdWFvNKXfew5AzWojpbG58wAeSOKkupQTjGK8wl+IBOolpXuVA+SNIvu/i9LN8U47Ey/6Nbsexkd3f8A9CqJS5Rp2O9muYYST5uNh/76qJdRgkMpHmfc8x/LSvNbv4zXUIPkIqeZ/dgRqpWfxP13UrghZQoPoqJ+lYOVzTn8j0DUtbxG6JG5iX8Hrn28ZCCOWF5/KjbqDy9Z1pPd3STTTyvJg8hulUZtMEsjylVAbseam407j7nxGskb+SqvGesj8tWPcaib5d0shkK/dDUt7ELaNsR7V7t0FQ21hH5asp/ePyp61n7xfKVYkeaZhtKgetSw2e4szBSw6VqRWZclWJDCp4bBiSVwR3zUXaLgUrSzY9gfpWnDJ5Q2lTmp7dUjfBx9KlCbpsbRjNU5BJFdFBfPTNWJ7feikcmpTandkd6upaFkAI/CuXnNoxsZ0NvNEMngGr1nBLcnCtjb/f4rWg0p1G3ItcenzGr1ro0UZzIxut39/wCWk5XBozbOFUlO9ldv7qVdOnNMh2QBPdq1IIILZjtWKH6c1Mt5aoh3l2PvwK5ufnNYKxlWvh4H5pJ9o9EFW1gtLc7fLMpH96nXPiKCNdqKqe9ZzaokvzGUYotOZrzwgfMkMOGrRtOD1qlDKGarkB+avo7HhmlGwCdaY0p2nmo1bC0qkFTxRYCBJ8TYq8JixrNKgXIq9FyaRUASRizU6GcgHJ4pIBndUYUgHrUM6Lm7oEP2i6LS7/3jqiJ/frvPsEo80SxY8tOiPXB+ELiWPUomJ8zySvyf8Dr1jWYzclmtpN8Z+V3/ALn9+vFxr9093BRvC5y2sat/xJV0+ImKUtGz/wC3/nZWPrlydH0/7JCcSyfLvFbGoKBc+V85wm/Mn+f+mdcRrc0l9fjJyAdtedhzrq6IqaXCgKu/3BubJpdQmaQLJ0RadcusIWFf4VyaydRumeIIh+XcM47CvWR4cpXkZ5uHmkcHo4TH/Af/ANqpWuHijkKjvVeLc7OQOE4/P/8AVU02Yo3yOOf1/wD1V0Uzmm/eMuSZpySf73NbdkyuQCR92uejlzvUdc8VpQq6lWU9q3SMm7Fy/hzFIM8EVTiPlQoOwq07mQAE0wwZVh7UMcWbcLmbSXbcdgHTNUbXMMQZfvfwgVa0d/MtZLUj91jlqgVDaT+Uwyn8LVzzOmE2WF8QXayXcTyErOBv9ZEH3A//AHwKdBdw3CyCY/MeU9sVmXDpHI0oGSO/r/nmoYpTLIwRcDP5iuezLcpMsyWj20kjKjhG7A9amTT5r5EkMLxqvc96ngvZIyYzsdV71pPrJKRgFNh7CtNTMxZLUIWLADf8gFafhzUptGvVAnMLn5AwOBiq00iO4cfMG6D0NOgYOjx3MOFP3X75oa9pC0zWm/Zz54n0H4C+KFjYziwnmt59OuVVXijP3ZPk+dP8/wB+vRfENxY+IbKON5Gmt8eZZ3Y+VlTe67f9tN6V8YJcy6bcgofMHbD19D/AH4meG/7BstL19is9qZIEkkk/eRo7v9xP4k/WvmMVheV88T6PD4z2nuyRxHiTwELy+vY9WkuLDEZjtZPL3bJH+47/AN5X/jq14C+IF58M757U2q6ppMioHjuwjbG2P86J/Bs2V9B+Jvhj4b8QW8lwTJp8sYhRPs4y5kV02eT/ALfz79r14v440+90O0dZpNK120hJGXAimkXzP9Y2zZ8/z/8AoVctJuT5GauHLJSR6f8AD34raT4wLw3Xk20A2eX9l8y3lT5vvJv+T+CvoPQPFUWn6Qtl/a07KQI/+JhD5nmf9NBInyba/Prw/eTWeuDU9Pg+y/ZnWQBfmQSeZ93Y/wB+vqX4XeP73X4otJu7iw/0iJnSW1uljdFeTZtdH/20f/xyuPFYbZxPRo1FqmdZ8Q/B+l+Mr6OSC5XT9TiR5PKhDbJl+5uT/Y+fdup3wT0vU7jS74mX9+Crx/P8+35t2z++/wAo/wCAV1HhrwveLp8Amswb20G1z5m9XHmbN+7/AHK7Pw1oem6ZbST/ANlCxITzI4h8+xv+ei1GHW6YSlys8t/aP8FyTfCnV9SaSBryKAyfuxsTb/GyPX5vm4AaY/8ATTfn+5v/ALlfsVexibQZbZolvrWZXj8q6CyRkN8m1/7n0r8lfiVpH/CL+OvEOmTwRiey1CazaMvu2Dcdh3/R6+pwFlJHzGP1uc27ESHBNWbEkoSeaqv/AKw/SrNicRNXv7s+Vq+RZgx5hz1q2kwAbsKzZJ/L5UU+3nLg7ql0jKnJlpLxVDBQSavaeiXK5lGPes+38tGOOc1fjDSrhflFONM0nI9LtnaT+z2wmPlxitLX5A1lpanAMt5D9/p/FWfYBoxpqMF+8g9qs+KbhILHSXIH7u6Q/P8Ad6tXbT+E507mfqiyC01CT93h9Tj2Sb+W/ef/AGFRePviNLJ51lYy7IN7PNIj/fNYN9rw1CK6s4sS/a7hpHkH8P8A8T9yuP1S6LF7aKPOWLNz99q15bK9zVGfqWqXOoOxeZpEJyAwqrIjGNOFI9K2LWydtjFBuP8ACTVp7r7KG3QxFh2K1mM5uKFyxJRsD0ra0m1s7eFrqeUAD/lmwyap3mrSXZKJHHFj+5WfZuWkZnmLkfwEcUAdBN45kKtFp9qYk+75hjxVFJ/tMhknLSOU25aTFCzwlcRozZTd0qBMI2TGxzzWEtWXGdgaIFj2HYA9KSNfLQgnNTzx4UMowD2quUJkAPT0pGsJnuPwig+yeELLjmQM/T/bro7nVfIRx/qhL/y0/hry3QfGsul6ZFaiMDaMJ5lZ2p+JLnU5SZpS/wDsg7YxWidhNXO413x8WgaCCXzYw++Tc+xTXIan4uikLXE0/wC9I+SOM5rmbgzSh/3w8o9Y4zWe+nhmBwcD1p8wWLlx4pe5LpJEwD9lqtp+ny3zMyJsA/vVe0TRnvZSYQDs67q6eLw5K8WHcLu/u1DY7GBBpEViiSXLhvmOAK2PBciX+qyx20fRah8ReGlsba2Pms+WrW+FEDLrNwI0H3ahisdlc2gj05htx+FZ32dTAox0ro9YjK2EnH8VZqQgo2egXNZTnYtHH63ZlrWdyVwmOKqaco+z24IHMR5roNbsN2mXLAjkZ5qppens9pDhVyqLWPtDb7JBHab3QMJD/uHFX0sSAQgYj0By1X0sICyeaT9AcVpRC2t1bYMf7py1S5voUnBGTa6S7nIt5Af7zitK28Pyu3zuHH91UwanOoRjBAYsP77Ypra1MOJJfLX0Xmps5mnPAtDTorVRuQqR/fOae9zaqwzg4/uCsV9WQuVUux/26WOO8vkJitJZPeMVaodxe1a2Ng6rGibPKVc/xmo5NVXy9pckdihqtb+B9UvE3vOtkvcSHJrWs/hvBFGHuNQ+1k9Uj+Wtlh0T7STMafUAxz5gz/00en20lzfHy4raW69lWu0sPDun2IASwiY/3p23GtEyxWo4uoLdR/BEuHFWqdNdCW5PqcKnhDWL7lbVbVe/mtVmH4fBOb3UVJ7pCvNdn9v8z7ttcagf7xG0UyQ3sv3ILaxH95jk1pamuhjyS7nxZbrtJq9asM1UTYC/NWLYKFHPStiGjROCuMU9Nvlnjmo1cetSRONjirMmihKdstXbbkfhVKdMvxU9s+FqCoposbthNNMpC+9JnINRZx3xSNUbHh64FveBgenzOa9q8OmJtAmu5JU8lRIf3n8fzt/8XXhGnyFfNOMcY/3q9bTVYYfhh/Z/+suWui/mR/wq6J8n/faV4+Li5LQ+hwU1HcxZdRjFzMXx5kcGxP8AP/Aa5Brc2UJm/wBaS+a3ZbZrdCSpkMm1PMNY2pTg3ckKf6i3TZ/vvXDSjyrU66slLYw2uCftDsPmIrFkkO/aOWatWQbvOLLjjis21gzI7kcr0r0II8apElB2W5Q8NmmTruhdWPOKZcMQm8g9aq3DSAM5yBiu2C0OGa94qRqFucbeMVqWzgRcis2GRnZWx7VdhZmYr6Vook3uEMm8vz34qzApkP3hVLy/LY9euaWK4WEuckY5qZFI17QTQMdhxH/FVt5Uul2AAkdDWfZX32lQFI8s/epj70dwhIXsa57nREkeEIGz8xNQAgHpt96s294gX94OO5oZ4nDbeQa0Vhsjj3KpKdKel1HIPLZcN60+PGzC1XmHkHc4+WloZXJBKbdtv3h2q1b3QLYkbcvpVFWSVdyHj3psUTeZuiOW96NAubn9oA9fKlij/wCWcqV0mg6NZeJDJJa3JhubZMszLhEP9/f/AHfkrhsJPOfPg8nP/LSOt2x0+eKXCXpEEgwYxxvX3rixUVUjZI7MNJwlc+iPg94z17wTelTf2PiDTnZDJG9xv2LvTe//AI/sr3afQvC/xYsYYr+ztYdUmXy3e4YKxf8A55ps7JXxj4MtdQiuZIdI/c3fl70jkk2q/wDfR3/8f2V6Dp2q+PNJ86J7PzvM+d5MBVT7/wDd/wCef36+ZnRaloz6ii1UWp1vij4X+H9LSQWlgP3MrGPyfLX7/wBxX+5sRNlanw11yHS9ObS9TsrSWEOHtIxarM6bGw+9/vI/9yq3wo+K8figXFj4wsNNkYfKks1r5dyN/wC7+R0+/wD8Dr1FvgrBCJ9Q8Maz9rHymOORo2Ye3md/9ZU30tI6I0mnc7f4c+Ioru/hEgNvCRi3zs/1v3//AGf/ANkr0y0vYnABiz83lx8ff/v18reIrS48KakFzhoJFdPsvzJvfZXuvgLxhY+IhFC6zXt5aop/d/612+55n+3/AHv79QopPQKj5UejWkAWG6QJEMps8yL5P++K/OD42fCLUvG37RmueHLKItNcuWjuiJFRItv3n/3K/RgHjzrPI9pn++vz/wDfDrXz18R9Nifxdd39pLHPPdqokOz50VN/7lP9je9dsarpLmXQ5aeDWMk4szfDf/BPn4XDw2sWreJb9tVkj2GeJ1Cl/wDZR0+dK+Vfj58A734B+JlsHjSXSbglrO/Qfu5o8vguf79fXdjHclE+ZsgDjPSue+OnhSPx18JvEVhcZkm0mM6lad3Rk++v/A0rXD5kpTszbF8NuhRdQ+Gf3MJJfBK0kUkTu5CcHFKllDPM7PJheDU0Vois+1/lPSvrIO8T89lR5athsKRq8hK4C9KmS8ZMqoAU0R22Vl3P6VGluCxXPB6VpFaEVad1c1x4qns1jJlZivT2pZtXufELJaytLJLuyiY+Rax720EN6tsH2EiMmRuhrQudXh0m3FtYTDczYe4YfoK3joedKE18JfuJo/D+nNaxPvmk+WVh/B/s/SsyGxh2+bM+wDhAvNVrOf7ZJ5gPm5+/nuP8a17WAYKmHAX5hu7U6j0OmnDTUzrjVYNPGFG5vpWLPqzTOzFAQa3tR0yPUmJ4jHrWZJ4Yjh+5cFye1cqbuaRRji6hMpwgD+lPgjMr7hEg9wa0E8NkliJMH0zTYtGe3gZvnDZ6lqqTCKIrBFjnfnBxyKf5gy/fmo7e1ZJ2yTnFCKVDk9jWVy+XyJU3v3496auVlydppomTyiSc/SmpcAKSls0mO+aoaVi/AxdsngUNOiIyt83tVRHkuFXKFPatnTtIV3XIz9adygsIRJGNsRpLmPyid0ddLDpYgj+T0zWVfW+5zvaouNIg8EzFZLvtzXYWztIeORWH4A0sXst1t6ZruINJWzPODUTqWNuhynjAEQWgPXJ4qX4RW/n6rfHP7mNY+af4yX54xjjB2UfD3zt939kh5LInH+49SqvkFKlKrKyO+8Ruq2cgi+b56zFgkMC8cyJVrUNNuLC0MU+S5YHntUkOZcHptTArKfv7DrU3TlY5fxfN9l0icei7P/H6g0u7C2w4+4uDUnjmP7VbmE/ut8i/q2ataN4XsbbBIkdn7s+Q1RGNy4/CUUvFlb92pJPqN4q7Bp2o3JBjDEHsq7BXSxaZbxDEaRR4/wBjmrkETx8LG8nu/wAq11RpoxspHP2nhPUnbMs8ES+jHe1b9n4PgKjz3acnqAm1a1II52xiaCD2jXe1XUsHkHzy3E/+/wDItUo2FypGZBoemaac+TFEc8FzvFXoL6NQywtLN/sQjalPeztbfJ3W8DZ6O+8mo43jcsqvJOf7lsny1oK41vPmLFLFB73EnH6UQrcKWzdLGe6WMYk/9CqdLZ5A2LIp7yybKkS1uQCBeW8I/uIvmNRdgmPtbG2kGHFzeH/pqzBf++atpAtgN8UNnar/AHn5b8qoi0WX773N2fRmCL/Op4Ugt/u6fDG39+Vt9ZcpuWP7Tim4kuHP/XFDz+FM851b/R9Olm/2m2x5/ShtRWFSX1KC2/2baM7v61WTWITJjNzdf7qOufxo5SWmfGKLEM8GrlukOzOO1Nkh27hsGaWMFYeVwa6jNpkqNGQadE6YPNQxLywxREoy3HetDKw91y1N+7mk3Zal25NZm/LoSRHINLtpsfyqakQjBzTM3uTR/LGGHatXStfe3Xy2O+M8ENzWFJIxX5TxUkbgxfJwwrGcFNanVTqODR6Du+0ra7emzewFclfYR7vH8UmWrqrFvJisz/ehQf8AoVcrqTxZu8nneK8Labie2neKkZF/HvgCIMNVWCJreJ9w5q9MiuoKnBqrdDyItrH5zXTF2OOaM6VjuQEcE02+bCNH6jinkB0PPKmoL9C5iweTXVCdjhmtTOt12hhno1adsuJmPriqUSDMntzV6I8oR0K10KRiomgtssikgZqo9jukkG3tV2yl+RAe5qxEuZs+pxXPObN1E50WklkxZCfL7ir9tcCSPBOK1brTQ4ZgdqdxWMINjsFHI6GsUykJIu4MQPkHWpLOQQjn5ge1KoMYyDlT1FEMfmEkDafStUxMcjOr4QfLVkqky7WIJ9Kgn3Kcjioo2USBnJBqbsOVEN1GYmxGMUQ3UiLgDB9a0LgB4w2OKrpF5w9KVw5Sa3uyy/PV+3vXz8hPHT2qlaxLjDCr0EHOEGKg0p/Gel/DHXWsJ0Y2scv73zP/AGTfXvngz4hf2np0tpe38cf2lNiSSJtVP7ju/wDy0j8z79fN/g3Vjo8484RgYw8mP4a+i/h78S7DQrSBUe2mh2tHHb3Gzbt/uV4WMi29D6rCpNGPp/w/iOozOdWiSaKT/Vl9zv8AN/yz/wBj/ar6L+G3hCa68OLJM/76T3j2f6z5PnT/AH65y21fwTd2YuNKtEe824+zQSfcb/bruPAvh2a7uEuLO2ubCylkEf2WT7jr/eevDc3F2Z60l7OF0c78QfAl83h57ggReUVSSUFXTb/l6zvhXJe6Prtou2Qw/NJ5f3N/zbNv+xX0Vf8Agy1vdKktDbiLcjJx/BXjR8BSQ3hVRJBNabxGQ+x0b5/uf98VrCVzilNTR7lI7wQgC3E2/ejsvdD1B/KvnrxXocMPiiYWhDq4DyLJ0DfP8v617UviKZPDV5cvCWlUsGCfxMrsHIrxTVL1dR1J7vaVTezkn0/yaK9Xlps9bI6HNUuYhuprW5IPGPSntdbri5FxzBPaShge6bX8wH/gFXNTsRcR+an3hz9RXF/ELV5tO+HfjO5/1Hk6NKsUv8aO6bN/5sa8/Be/Xi7H2WZK2FkmfCbI+Fw+AVBNaVnps1zCWRjgZrEmvlDMwB2hRV608UvaxhY0yM4Nfp9J+6fz5iZctaZLcw3FvPCC3yt1rStkMtyoBwA1YsmtSXjqWTAwa1LWUSXKKoI5WuuC0OJTvA6LU/CP9qakzvdGFgn3QgrmJNKeIzWzhnC/xFK9Dt0H9tgsMnb3NU9S07zpLhjtAx2pamZzXhrS/LDEDgGtmeFhO/0rX8OaOos2bGade2AWV+KcwOdMXyNxVVocFcCt5rXCNxVOW1xt4zXMpjM0RFX3Y71oaRoM2rW8sn/LKNqgZNrnIzXZ+C54ls5wdkOP+Wcjfeqr3Gjl7nwiykyKnHrXPa1oElpCZUG+M/eAr1bUJo5oym5YxjIAritZvoQrW6keX/EetSdR57cwM0IdV/d7gjCuvXwpLBpsk6RMqrGhcn0NY0kTxWu1VDb7jBz9a9j8XfatP8MXzeSFi+yQqTVmJ5Xp+keavU88812fhXwybqwu5/NjHlbUTzHrmLC4x3xsSuu8GXMX9kXUU3eRf/Q6BGh4g0n7DcTRNLCREion2d99cLqK4dvau71go7XDQH+PrXDakctOfRKlnRBaG/8ACwLHHcP6sa7OXEzY9RXHfCq2aXTpX9XNdkLcxyKPWvPqbjOS8Zrma0x7pVz4V6t/YsdxcXlpceSZgkflptbgf7dUfGB8u8tFPPzE10nhvT/7Z0i6u4v4JBs/4BRDqevlkeao0za1K8m1aN7xozEuVISTrUezzIWlKhRzwtRWMzvYtmTzumd1Tl98bgcnj5Vrekc+PXJVkjh/FzRy3Nqr5GJF+8a6PTREscYQg5GcD565jxUVi1WyVoXG6X+Ebugrq9HxK2FjlOxM8ps/WtIdTzIz0NCMyj/VxyfUfu6mWK6l+88af777/wCVRxJczEbVgX/el3mr0VnKg/eXSx+0cdawK548pPZW87L8905HpENn/odX4bSIHLySN/10mz/6BUNrpy4/ey3DD3YJVmOw05Wy23PrI+6trROf2iIZXtI8jzYBz0EZdv1psAL7vJjuph6RR7BWkt9ZW4xEVfnrGm6kTVt27bFcufaPYKfIO5DDDfOG26SQP79xKMVIum3kmQ93Z2X+ygO786etzdSlsWXH96R+KljS7YHE9vDx90nNHIBHFpW9CJb6aQeiIAf/AB2pLfQbQMSsLy+83WpEjuCMNqCfSBV/qGqRbG3l/wBdLdSH3kKL/wCy0uUn32OS1ghyEjs4/wDcTe349qY13Z2xw+oiP/YRFqdNItlG5dPhYf33k3/zNSwGBG2/Z7ZB+QosaJTZ8Ms0hWQlWbtvqJZXdFzuZQcZr0G48EWzDcJnUF/uVDb+C7V7Gb960ZEmK5/rEDXnTOLRqUEDp3rpz4Ygt4P9ZHjzPv8A/LV6oa/o8NmYTaSoYpE/75NU6insZ7sxl7VIOlRou0AZzjuKkHXHf0qoHQLRRg0dDWxAiKSxGeKckZEbY4pkcgLnHaniQ+U3HWkB22n3BktrEnoi4rE1m0Cmdum5sitTRXFxpNuAPnBpmsW5uUVk6Ac14FVctQ9ilK9NGLDARbDd93cDmsrViGu5c9O1bd0rDTgg4YHtXPak2+Uc845poxqJlK3Bkjm9RSXsZVoV9s1Np6BjOM9RU+pWp/dsOm3FdETjcWZMMYy/ozYq/ZWuYjnsapxrsYZ6Bq2bEgh89+ldCqCjEbaQExj1ycVq2kWxeR81SaZaAxfMOQautAApx1rmqVDvowKwXfGwVfMf+5WXeQhGBZNj/wBytuSFowoUlHP8dUJYvNDlm3sP46iLFKnZmKwHPGPamQna2RT5OGamQ/e56VrzmHILJC8hIB/GmNDGPlY/NWpDbB0JBqu9imSxPIoukjT2V9SOYCOEAciltULrgLTGUyAheQKsWU/lcYHFYJNu5S5diZIsjGPxq5YQOGyv732qqt7Hk45PpV2wuizYVfL963npAKa983oL2GBVL4Vx/AhqSx15IJp5IYpZVc/MhC4rW0DwUmtzxOZSxA5RDXd+HPghbXTs4nkRXblCBmvEqzT+I9zDwnL4Cf4YT3b3amKIrEZEkSOOT/a+/X6BfDbUY4dGst03zYRDn72a+YPhx4H0fwgzTSfvZVHyRSP/AOP767RPFy2Mx+z3N4Pn/wBWRiP868KslKWh7ipzdPlkfWNvMLoEgcHvXL6noO7UGudv+rkjfp/t1x/wp+JLaswtrh+T6mvYxai6tzgZH3qKcWzwcTGVI4q40ddO8O3iDHkq7kn0Tr/7KK+e9dvI7XU7uGPBiRv3bf3ua+sdd0cTaHeRR/6xkYbP73yjj+dfGnjuaLSnABJl83ygvtTrQvGx9Lw3iuWork0fiANIIgMdq8+/aLu/sXwf8WpKdsd0Le2A/wCegeZHCf8AjldPp0MUPmtMf3/30SvF/wBsDxWEt9K8Lxz4nlD39wo/hA/doD/48arL6V61z6/OsVD6rK3U+YfOWRZB5QFEQXy2+UVPFAFVs4NKiLlhjtX6DTeh/PmITlK5Fbks3GOBW7pik3aHI+8Kx7YIGc46CtPSnZpgVUH5hXTBmdvdPTdMIn1OfPZUq/d2cYtLpu+2sXQJy+qXIPH3BXSXNvu0y4bPVa6re4cozw0gOmx47mpLi0Egf61N4ZttmmRH2zVoxbs1zmhzlzZHAAHGKovZYf2FdPcQgDp0FZsyDMhx0NZOmrAc/PZ5lBAyMGszX2+zabMenKV1IQMGJHQVzXjaArpDEd3QVMKYzoNYzBoVlNn99JGvNcNFlmnYnM3rXf8AiCPOi2ER42RpzXBN+7M+O/f8KhnZ7P8Ad85XBPlWwb+K6Bz+Neu/ETWVv/C+r28P31jgQD8K8hkU79MTsJ8n869B8Wpt0u+lj/jkhU1zXMOhwaQTQ3EZAzuVc10fhyR1jm3DAEpqiHCt82DsArZ0xB9lBAxvkzWyZlD4zS3H7JMc9XFcnqKbLC5J6+XxXXsm20kGP+WgFcx4hTytPm7ZjpM6Y9TrfhLH/wAU+/8AfL11N2mDH/eFYHwkjB8OocfMWrqbqP5+nziuOe5ZwWv2JvtUBK5iX79dl4KiXTdGFuh3jJJxx1rm9eEwmYAcyDZWfLqU+mabDiaUcST+ZGdrff8AuVrThzI76FZ0feR3c0C2yFY02Kc1TdClvIEfaxp/2t7ixhlkY7iAeaiedVQmRcrXQocpjXl7ZubOV126WPWdLRkaRt/Pze1d1p8x8rKWi/c7tXm/iDUNviPTjFEpw56j2ro7XxZe7XRRCuE44ogc7p869w7G3juGQ/v4Iv8AcU5qzDbsh+a9lPsvy1wa65qco5umA/2FFEmoXh+/eTkY7tinKbgJYSTPQojap/rHZzn+OelGo6dA5zHbn3I315vDKJCPNl3En+KU1ZcIobYoP/AnqVXubRwTO7PjCwQHZdomP7kdQSeOLeMH99cyj0VRXDRxySD5bd2z/dD1Yi0y7cfLa3P4L/jT+twR0xwkVudK3xAgDHbaXLn1fFIPiFJnMenp9WfmsODQtTduLKZv9/aKuQ+E9VlPFlGn+89Q8ZDudkcLT6l9viDqUh+VY0/2Tlqibxlq0nIugn+ykYFC+DNUOM+TH/tFTxUq+CtS6m8RP9pIt1YPGw6Gqw9JGfca7d3X+suZ39QhcVX3GT5jHO/u2TW7/wAIQ8uPtGpyE/7KotXLTwJChBW8uGPqHT/4g1hLHpfEWqdKPQ8haPI5l+4nmVV8+EowBMuw7OP71U7HUvOgj5xmPy/3lSSzRWuZYvME0Z8x5Nn7qoR8ZFmLqWn3cXnfvNv/AC0SPf8AepujmK5tv9O8v++vl810d14ktG8mebT5LyONPMHlv8r0jfEK0m0/yYPDYklk+cbxnZXdRlY2Ujltb1aznhjhhgf/AFm/93H96sI+bj/U/vP75R69W/4W1JbiX/ilLD/VrGPkG5qmuPiMTBn/AIR+2+5/q9ortSNFVt0PJMS9+vsKDwOf/IiV6Sfihd4wNAsov9vyRxWFqWuXuqXMeY1ghP39o21okUp83Q48CRQ7FFVf9mlhlDkFo5GUegrTvY7WC9WKZGVCf4jitLT9ai0yVkt442Qeo3UyzV8N26xWYeVio++gkFW2t/MOYznP/LOup+HHjOWWyWS7GnS/YpvtT/aAjb1/jR93367zxh4y8I+Pvh9eXmlaLbaXrlm8e+OAbPl+5vrz69H7RvSq8nunhOp2bi2kOzDFulctqemtsd8fWu81MgwLJu4bnFc9eWjPZ3DZzkZFcCPQkjjLYfZ5uv3q1bwZ09GxzuxWDMjRyx7ietdS0SNZoDyAM10IlQRzqw73Ydt1aFvCYimT1NU3/czgDoXrTjHmOuegPFNkxgbOmYKuM9K07a1LxZP3qydKRlZx3PSujsYS1v71wVXqehRiZ7wMNzo4YI+11em6lpBt5A6riOQb0I+43tWpHHGL1/MA2yxkYPTfWh4ctF1TT59HlcpMjb4vM/i9hWUZtFVIc55ne2rLuJUD1xVCEfvMV2us6Osc9xbuu1lO05/vVx1xE1tPnGEB2H/Gu2n7xxShbYv2U2JvLA4q+dO+0bh0NZNtmN/MUZroNNlEyFu/pTrLkGtdDnpdNntGcfw1SitZpJT82B6V6BaaV/aSkEVpp8J57u086Bsd+tRGsoo2jg3LVHmywtE3yoHatfQreW5uAAAz/wByuki+HV2khjdCr9M12fhD4WNDKJJI2Vuu+sK2IurHfh8Hyu8zrfhvoP2OwWVk/fN3PYV6HazNaHIGDWZpFp/Z9usIOSB1qp4s8cWfg2w827l/e/cS3j++8n9yvDm3Jnv0IRp7HQSeMrfTRiW5QfP/AMtD87t/cSqlr4jfUzkZX95n/eryfwjoWs+NNck1zVlaJM5itT92Nf8AGvYNN0b7NtxBwDniolTsr3Ormuej/DbUjbaojKNpyBX1Z4X1Zp7BXkPVRXyJ4diaHUo2jGBlf5V9HeB9XE+nRwueQq/zrBSseJjKfMmelxOH5znNfKHxZ8HQ2/jA+d/qreR9kf8AD8/zV9P28+OA2cV4t8bdH+0+Kp5f+WOEd5K1S50cWVynRxFjgdC8ATeKbj7XN+7sofnJ3/JtT7+yvgD4teKrnxx491jWWQxmSd47fP8AyzjT5ET/AL45r7T+Pf7R9v8ACvwjdaHBH/xMb6zkt0/efNEro6ec/wDdr4Jurua+be3zHO4n+6TXtYGgldovOMdNy5U+5S+xzqXylPitZDnMfam+VOVkPmsajJuooyQ5PFe/Teh8a5p7jl06UmQ7cZFavhzR5GuBlsfOD1rC+03Ow5J5Favh2WQ36AuwG4V0wZk6i2O80MbdVvR6MldTeOI9InJb+Gud0iPfq2obePmSr3iQS2+kz4P8Fd6+A5Op0/h9ANHhP+zVkKFGelZ3hZ2bQ4M/3FrUmiPlgj+8K5kaFG5i3bsVQmts+bx3rVccN7VUuDh5sdyKl3sBkNCYxJxXOeMgDpKL6yoK7C4UN5mK5DxqNtpbr6zpUwuM6DxSmLG1A4/divPduJ5gfb+Vek+JV/0S1z/cFeeSriefHt/Ksah6f/MOZxJk1LTIRzum/wDZ67/xblNFuEPGZ9tcnoWni78S+Hw2Pmnj/wDQ+a9C+JVgLTRpnHe/df0rmOe3uHnElyPPkH+xXWeF0/tDTYJQMZmkRK89vGIvn5/gr1/4bQwr4Y0iSYcmR3/9DrRHPGNpFec4t5eOshrlPFyZsLgjj5MV199GEtwR3cn9K5DxY+LG4+iim/gNondfCWPZ4di9cA11d2mXY9Oetc18Ll2eHLf3QGuqddzH/erkNDm9VtRJc4x0XO+uP16zlZNucxC1/wBZ/wADrvr+LM8y/wCxVW58GWmp23mzDI8vZiN67cM7uxMn0IkkAsYA/AwKjupRNEVXpU2pQ/ZooEb0qg7bB8veuicbFxelji7yD+0vElvEnmgoGrtLHw3bgKJpZyNo6GuEvJ5LTxW0vnKoCdjWnHrcixYa6ck+hrljTnM2U/Zq531t4X0vjCyt/vNWlF4d0tQd1urY/vEV5muqyMg23Eg/4E1Ed9PIXzLI/wD20Y1TwTn9ox+vS7Hq9vp2lW+zEFsv1K1YkvtJt94L2q49GSvJYcybCY5D7/PViGPLSDyXP1Rv8Kcctt9of16XY9NXxDpKDnVLVB7Kf8Kcvi7R41/5Ckb+yxP/APE15fFZXDfdtWf6RNVyDTr/AB8mn3H/AAGFqlZTDrIy+vSPQh470pCcTu/+7E3+Apo+IOlg/wCquX+if4uK4SPS9XJ+XTLxvbymFSx6PrbH/kC3ZHuhq1lVJbsl46ods3xFsF62d5IPYqP/AGc0z/hZdiM7NLmJ/wCmkoH+NcqnhnWm5XRrsfhj+dPHhDXZOumPH/10dB/WrWWUEZvG1mdFJ8TlXOzTYx/vS5/9krQ8PeP7zUNZ06H7EF8x1TzPMdq47/hENcH/AC5Sf9/I/wD4utnwH4O1aHxPp1xcW22GGTzH8t0/26cstoSJ+t1u589TQ3Is7e6eXyHblUY9q0rfxDL5SRA+aGTa2z0qHxHosmqQ5gkJkHMan+7XFx3d1ZTzQudkgfaNtecqftDzKbOjtbh7dG2BSkabPmbnO811Xh6+gZ0lG7cE2YZuN3NeYNqMlqzCadZGYlz8vfNb+hao4kjieN3VWMvArq9nyrQ3Uj2Pw7LCbedZoAl0+1UYjkgV38Hgyzmhjee1UtKpfefSvFNP8al52Em1Ht/myeu2vX/APih9Zh3vG5Ro8I7H5a3w89dSvaFiT4f2U0UgiiQhnHzkcjFcf4g0ax0IM8sCsAruoPWvTtO1YXmozwl0eAIBvTpvrivjPoUt34e+021rLNcxvsbZ02GvVcExRlMyPDPwr0zXoo9X1CANNKivHH/Ci10c3wk0ibJSyiAPo+K6HwhCLXRbWN0ZMRKOa6ArzwKhU02XKs4pHmWvfBfTYfDvnC28yWO1uJ0jd9/zIm/f8/8A0zqv4A+G4+I/hm7UCTQpXtFjSTZ/rtkm/wD9nr1i4t4dQ0aKKHy/tce5P3ny71dNjpU8XjnT/Byy2KaHcTyWsbRwTwojInyVNWmpRsZwqu9+x8xa5pscFusUT7yjCJ29Tk81g243ZXqN/SrmrXpgyTNH+/kZpB/EmH/+vWNa3ge44bdz/BXz9SlyPQ92hiedJMo6hpaSSyPtH3/SpltiLR1xzVfWL02qnvmSrdteBocHqa5+foen0Ocv4djZI+7VuxkWZYjn61YvbEy+Zj8Ko6XCUkkjPRDWiZidNBEIsFTnd0rXsZ9o2txjrWIrpZW6sxJLfdp7X0k80axDgfexXLNXmdNOVjfnmtyj9FZSCM9cVA2uGF1mjASdHwH77azzbTXjsgISLn733qltvC91KEDkrHsI3t1rKbhA7LN7FvU/EUetMV8ob27Ba5zVtMaVkPk4K9sV12meF2tbmMFHZF/jzXbW3hyyvLVhLA4P9/NZwrpbGvsGzxe20tHt3LyGJx/DSRqbDa0e5h616RefD1fPd4EeRH4FWI/hRcxwoTG2G5waHiJfbI+qM5Lwzri75FkDZPrXq/hlmltkbI2msLR/h3bWszGdWDD1rsLaO20y2VBtwK5nUvsepQp8q1NBkhgwZRGoPO981WufiJpGicG8ikJ42jis+50S18SDc0jnHGBuUVqaB8MtJBCy2VvNjnMnzGuapLnO6EbnJyfGee/uzFo3h26uU8zy/nQR/L/f/wC+66b4dfAPUrnUptd8WSSG9uTuTc+9Yz/cr0zw9p+n6RFJBDFGFHQRQgYrXGpeePJi3rjpuNcvNY3USpBocNlGLaKMI4GCRWnZ6Swh2s43etSaVp+92klkLP3rdtoI8FcZHr6Vk5NmsaXUTTLJYSpyOMV6Z4JnVWAzXDxWSrDuWui8IttmxmpOWvSPadOO9QeuQK+W/wBv/wAbat8MPDfh660PUZNP+3TS208kaKzbQibE/wBj/fr6f0Q/u0J5+UV8tf8ABT7T/tHws8O5IMov32GRP9jfs/8AHK7sLHmlynyeIm6VRyR+c+sa3f65dNealcS3N2x+Z7pmkf8A76b+lFocLj16471nNJORCEAArTtYGQgnr6CvrcNTUVY8OrVdWV5F1LUAE5/4BUE9sdpG3FacKbCOcb/uIE/9Dr1r4a/AK2+ImnG7j8SxAx7d8UUHzJ/v7q7eR/ZRx1GkeDTWe1T8+DVvRrSTzkIOOetfVtt+xJYSf8fXiC7b/r3RB/6HWrpn7GfhuxMvmatqMv8A11KH/wBkraNCouhyNnz/AKB/x/35PXKVta9D5+mSj1Q175bfspaBYiXyr68Hme6/4CsbUvgv4fiuf7KfxFLDdyfJ5bBdy/8AAPlrrUZ2tYw9prseX+FFA0eIHsqfzrYlIMfHpWprPw/n8FR7XlMkK/IkmPlesVmJXBxnvis+Rrc3U0V371WlXcW96uMhBzjioHHJrFqwuYzyvMh9q5PxuvFiP71wldi6YSY4rlfHC/vNJA7zpSRSdzf8XL5kcYXsleeSH55j9BXpGsr5rKD2jP8AKvNLo7RN67q5qh63/LoteGP33jDw5EOP9LVP/H69M+LNrt0uVeuL1x5f/A/v15n4NHn+M/DnqLkP+tdx8Qb/AHk8586Vi/8A33mucw+weS60rRkSqFPGK90+HtrCfB2glioYxMSPxevKJUt7iSSIhMA8V6z4ZtzDoejFSoRYW/8AZ66YmVL4jH1Tb9kZo/4mOPyNcP4rDR2Mqt/EyfzruteVItPjEZ55P6VwPihmmtAT/wA9E/nRU+Ep/GerfD+18rQ7fPA8s1vu4WQ8dxWf4PgYaLBgYHl1rvbKY1PeuGWqNqfvGReqrzzNnHyVbt3CacgXmq1/B8spB7CnRboNP+bnFdGG0YqnumXqbee5yM4FZYX5GzWkX85mOMVSkQhXGK7Ju5EZHE6RPbHxLepcKXwMZ25r0XTRpqwoqwI/y9GhzXC+FWVNe1FlhZyD1Irure5mifelrM/yfwkUQFU2LiXlrGy7YIVHp5VWbfV4l8zESr7pDVOLUbtiv+jzKPdFNTw6jKm8tDO59Ni1vFnPoXI9cUBdsbN7+SaB4hcbwPMHsIWpkGryAAiO4jx22Cpk1sfNvWf6hK0bYaEMeuyMzZdse8NW4dXBIzJMP92Gol11Cx+Wc/WIf4U9NcjB6z/Tyl/wpXCyLUeskB8ST/hFTv7ZfYCJLg/WOoY9fjUH/Wj3MNOPiJSn32P1h/8ArUrhYVPELOEDRzD/ALZIP/ZKH19UjbH2hD/sr/glRx6/DgFpVTH/AExjqWPxBayLgXcWf9qFBWV5BYiXXpssc3RGOu3/AOtW/wCENS+26wu7z2IXo6Vktr0Chh9ogPHZR/8AFVteEdRjl1LcssTDb/ClO8x+zv0PMfAv7Pc/iLTs3eoG18zb8kib60D+wNpMBLReNLssf3khNoH2tXvul3Gm6fbRxedHDhF/1k6LRD4p0xswrqELZf8A1YbNXRw6scUIJo+d7f8AYH00tlvGd1x9w/Yk/wAK6S1/Ye0KO28qXxheSEDtaL89e97+POBz5ce//gNcRdfGjw8LnH2s8f8APNJGrolQSL5Eeen9h3w2GM0vi/VcnaCnkLzXp/g/4EeFfC1gLf7bf3wUffISs4/Gjw8TzPM3/bCSkl+N+mR5Fvp+oSehC7R/4/Uqmkw5Dto/hx4Ui/1MN0DJ3J/wrMTwLocVzMBHI3l9MsVrlpfjmYs7NDuTs/geRB/Kun8NahPrNsLmaIw7/mKyH17VslcOUtr4O0ZNPu/IjaK72NskMmV3V4j53jGY4xpMUQ48ze9e9acTt1XMWRs/d14VBqEwvZoiMevtXZTpqz1M5xtY8n8UfHjxH4c1mfTJLTT5ZIG2mTy5P/i6w7n486zeZZrWxMR+QkrJ8v61i/GSKW08eax/zyZ0n/4Ftrj4AXWIdywOK86tLklylxpnY6jFHf288srATSbJPkrnZIWFxM0N6InJJAat9oZTamRkzxtwtcbfxpPdP8hVgcYavOdP2hrTqeznY6e9iFxANsseQqn92/3sfeqGK1ktVAHA/wCmlV9I/wBDx5Rji+T569a0rw/p/jTwhaavaRZmsz9lurfZ/wB8P/wNK8mpRcZM+nw7VaOh5deQGKUGGZ5I85zTrW3i3SuxKuR271seLtCm0q3haKNhHJ1AHNZ+kaPezOhtbZrmQ/wdqwnpDmO14c6FdEjvdKtpFAkcfw96l0zwtcTTvGkSpIemTXW+BNDur4BGt5kuF6oycCvVND8Gh5Q8kCiX1K1586/IdlDCW+M820T4emMxtcg7veuui8NwR2ciuF2rwMiu9/4R9YlZpFPyVi6usUMDABQG9a5HV5z0/ZKJwV7ZLar8vI9qw7jWIzx5P+r/AI5H2VY8ffEHT9A8qEyxm5f7kcHzNXkUM2oePdW8yYy21isnybX+V60grmakr2Pe/CN5NfzRphWiP416zYxpNA0bRjYo4ry74a6A9nFufJRR3r1TTYm2BQhIauOrLzO2FO6OQ1yxWOdyFUCsB7JZc5C/jXo2s6V5kZO1c1y11pTQoThQa6aL9wOSxmWFs8alQwwa3dLhkSTIfNVLKB0j5QHPetzSbdkbJTrWc1Y0irF2ztyXJPetaztCZgTSW1sd3TFbFnZ5IOMVxNI6kXtOt8HgVqQ25GR60WVvgA1pJCAemaFsdK2CBCLZxWj4cJW4WoVjCwyD3qbQOLhazbM5r3Ge0eH23QRfSvmj/gpgd3ww8K4/6Cb/AOs/i/cyV9HeGp8wR89K+df+CkP+k/C/woG/dY1N/n/7YvXp4L+Ij4DHq02fmUG3DGcbO2a0bNvMGc/c/uVZt9GiluLgbv8Ac/269W+F3h/S9JthHc2cV4bj/XTSJvaP/cSvs6NNyPn6klE8rbUYMkkgfJs+Z69p/ZT8SL4YTxZql3c406FEeQZ3K7UviT9nWx8UwvqXhWVBLK+fs8pyrH0I/gf+OrfjH4e3XgH4KSWf2V5Lu7dftcgj++3z/wDoFerCHKcLnzHpl7+1rpiZGm6BcTx9pJrlI1/74qjN+1pqLf8AHn4ZsY/78lzdMf8A0BK+a9HhvYlUGI/uk/uPWiL6+xxEwz/sSV2OdkcM4ts99tv2lfF1zcc6TotrD/H5cz+ai14j8XPF0us65BcqX84ydXP8W/fUdrPesR5sZA/3H/rUl/oGmapaTzeY8F+HXavTfWEpX2Kpxte57Knxbkm+H1t/amjwtDtSGR1u8sjbX2O6Vy9zqcEPzSSxYPyiQfx1R0HRLzxJoc+nxadc+V5ITzI0d1Sqdz4D16y8NLql7Y3MUMKeRJ5se1vk+4+x65ptsJGsuo2sg4Kf99VUuZYmOVkUfjXCRXEi/wATj/fqT+0J1YfvFx/v1iar3zqpLmMbwZB61zHikm5urMq2QsoNRG682Sf950UHrUE13EkgLtkrhq06HUopHZa1OpkuCDnCmvM74r5kp7V3Gn/8TGyuZC2fkyK4HU4mV5lz3rzX/EPR+yX/AAEwj8a6Q/ZZP/Za6LxdMJJYRnOGc/pXLeEX8vxFYvnlWzW14imzcNn+Fc/nUPc4vtnLR83DH0Ne06PdBNAhTPKW+B+NeLWq7rjHZsmvTtKvc2Ua56hV/CtYs3irRDW2P2OP18snFcR4lGJLJOxfmu31w4jB/hMPFcT4l4vLNO5lFaOF4mT+M918LL5ej264xlKtSIQq5PHJqro0wXTrQAfw/wBKlurgmMleyNWCpXRvT90xdRnIDkH0FaIIewZTwQM153d+JGW78pjnLqP1r0FpQLMsO6Z/SuilTsKp7xxCavc72xHt+b0qKfV7rymPlbcE/PT425f+L5ulFywFrIdwbGTspSuYxMHwQZDqeo/dGW7V31u99Gw8uNXX1L1wXg62UyXnlyBGLdTzXe28EqxY+1qTgdFrWBVTYs/brpTj7LEf91qdBf3a5Mdmzk+j1SWO5UkrOp9uKkh+3ZOxVz67zXVCJxmjDqV3nMlrcRkdlcU4avcKDutrvb65WqtubxcmSNmb1Rs/zq3FdXqDmO4ZfQKhrVxGC67IrD9xcf8AfK/0p8fiUgsGWZQP7y1ONUlVl3LcY/3BT49YiJcN5g/3krM0GReIISOSq+7rUq+IINh/fWxH+7ipotQtmA+cD/fWrSX1ptbdNb/iKNQuinFrdvIh2T2wPux/+LqxFfowHzQSZ9A3+NSf6A0bFIbSQ4/hCj+VIbG0ulUfYIW47VV2EbCsYCHZ4Im46HP+NW9Aa3e5kKpFDheqCqS6BYNvEmmKeOipU2m6Ilq05srY23y90NK51RSJ5fgfbSIWZoCRzjfmr3g/4dWWj6iW8pGZV2/LivXokhaNXg0Xyg77f3j5rGhsQdSnaWGKMHnC11U/gPJLuAtlcOOHEeAPavljwd48/wCEu8Y2GmS2tv8A8frW3lxv8336+qeDBMB3WvjH4U+GtZt/i5o8v9l3cUUeob3kjhf/AFe963ik1qWfWCfD6x8tZE0pcf7bVq23g2zRFK6fAnH/AD0rTswBaiM2d05/2hs/nU0UbxOB/Z0ZH/TaQH+tRZE85xXifw1Zw2z/ACxZyn3F/wBtf8K0tOVILONQcgdqueKt5sZSbyzHKfJGPx/pVGyUGNAeD/eNSUasAAt7n1MbP/ufK9fMHhHxfDqeofY/9JnniLmQyx/f+b5Er6f03+MD/ni3meZ/wOvn6G80+znkiSOC3O48qvvWsGRJXPn/AON6s3jG8Y5+aJD/AOO1wUMjJNb7Rn5z/OvTPjyinxPvAxvgWvNLSRUli3D3/UV5eI+M7KW2pv3mqtayHa5KHHeuWnvHudQKbeGJ5rpdQQvBMjRYZQMGuVkjRpY8SbHGazicUl+8N+wazUf6nPlj5/3ldj4N+J8Pg3VEngsPNguY8XFq0m9WXvz/AHkrzq0s5snHQ9T61LP51uAR29K5qlPm3PVw2JlQ2R9L3Oi2niHRpLrT5xfWEwyVdP3kY/uvVD4cWb+HfFkE6q8mnXD/AGV/M/gjf/8AYrynw58RdQ8E31lqFhKTGeJIGO9ZU/uute9fDnxboHjOKXU9MLxxShEvtOkO+S3k/gkT/Z3/AMdeDjaVSMbwPtsDiqWJXme7N4EgtkJtR5Gfn/d1k3OjlD/r5QY+8ddR4D1FtQ0trOc7rqNNiymT76fwP+FS3mktEzZPWvneZvc9pU09jwjxlH4hsJ2+yaiT5knyRlP4f79ef3ejeMPEBmN1q7/3yEXy/wDgdfSGt6NFKQxXouOaw5fDsbNnbj5OtNOwOF1Y8Bh+ElrdtBeatcLPPs/eWwXKGur0PwTbxyKsVttgi+5FHH8qV6K2gJjlc/hU9npyodoGKJVOUxWGvrcf4d0cpAVVdo711tjY+UsSrWdYkwQlFrodPkWSGMD79ckpOTOyHuoytctUjUszc1yN9aiRC27ivQ9VtRNEQ6ZI71yc1usZKlOK7qU1FDk7mFHAfs4wp4q9pt2isFbjFPhLyu8Srx2plvolw8jFRVTqQmOnT5zqbba8QKntWxpv7xAMdq5iN206ILJ1xW5o155iDHcV5jfvnX7Ox11hb78c1eKbGAqhptxgCtSMCZj9Kzd0NEoiXyj707S0Cz+9MVWwRnirOn2+JQc965lJsU9Ud9oMzRouDXjH/BQLT/7a+FOiD/qLL8/+zsk/+Ir17R7hU28jivNP2wwdS+GumQ4ODqccjyf8AevoMuv7WNz4zM6VmfAX/CGxxSyncySKvye1O8ITzJ5wXfI1vLsb3ruW8OzTSlwzuSPmrkvCi/ZNc1ezYMrvJvT3r9BpSSPjq0D0/wCGwSZLq6j/AHHllikf3d7Vr6P4v8SWFz++8QWI+dngt5X3713/ACJXi+lfEw2uvRQRWkl3p2/zPKjk2b5Nn8f9+u38DeBvE3xI8UaXcXcVykXmLs8tP3SK/wBxE/8AQK6lNHNCNr3R6hqvxW8R6T/Z/n2NoIr1/I5Sta38Wa6f9VY2mPaOovHvh3+zvEfhWx1CH+z9NtXkmlnkTaonPyIm+t+68YeFLI/N4iso/oVrWMuYzaOJ8c6Hq/j+3tor9Vt4rd96R2q7N/8Av1zrfB9VGZo/O8z1GdlekS/FDwbBnPiC2f33D+lU5fi/4IiOP7djf/dDPVqyMObyF8O674g8NaXaWcCxizt02R+Ym5tv9ysHxXo+oeNYpf7Ze4m2R+WkUTbFT/gFdHB8YfBF1iJdaiyX2cRuld9o+kaZd/Ms2XPITZ1FZSimTZs+Zj8CbY+UItOuD8npSD9n9G5/s6fNfQ3in4leC/h7fyWt7fvHdBN/lxp/D/t/3K5C/wD2ofCFwMWuqWtj5fHmSI7P/wCPJUezXctRcDx/UPgctg4V7W7gY92NYF18IICJAJ7kP6Oua9fu/jN4M1KQSSeJo3b/AGx/9hVJviT4HZJGHiazV/8Apo3/ANaj2aKuzzPTvBU2nWTW4lPIYfcrmrz4bX8zuYpI8E/xivaf+Ey8IXeJI9d06TPfz0FS2mr6AwlMeoae8Z/uzIaweHTd0zeOIsrM8It/AGp6fq4mMUUqhOsbAUeJ9CvZcOttIuExwmRXtxOl3xYC6tHPQbZFqhfeG4WgJjmXB4+V9wqZUbE+0uz53fQdRt7gF7YiL3BFdppUiRWyqRg7BXbXvhcMMrEpmj/5aJ8j1zepWgViJoYod8mEuLf5Vf8A30/vVMaVzaNQz9Wm86BR7YrivEEmdZsV6/va7TVk8s7f9vFcXfxfaPFFgh/vj+dOUbI0vdnvmmwiO0tP9yq2oS+VaXPqIzVu3bFra+0eaoa4ALK8OePKNYmh4tLeb9UhX726ROf+BV7PeMIrNcHOV6V4lYwtP4hgROVEq5/OvYNSmA0+RkOWVTW8PgZEmcgspSSYZ/izUN4WSGdt33lqDeTMSSfm9aS8kV7dvm6VxyUgic/oN7LatKFlKjdWpZX945yt63ToKj8J3dqgZZ3ibJf/AFi4rprOw065LMsMUnA5R8Vk51IHbT5HuUIdd1O3GFuN+P7y1OPFl4D+8SNvfOK0ItBspm4MqfQ5p7+CVn5iuin+8tL604bl+ypkdv41uF+9aIB676vweNV/ihnX/rk/FZ7eB7lPu3lu/s7YqN/DF3D/AMsxJjvDJSjju5vDDwZ0MHjy23kO+z/fTmrkPi/TpUOZ4ic9G4riW0a7jds28q/73NQfY5kU7kx/vx1osbS/mB4OL+A9Ns/FNgy43wN9GFWo5rC+bPlxtn0da8lxEF5EYPsKILqONiNwB9NwFdFLFJ7D/s89kj0fT3Ofskbf7siVMui6cOtt5f0dj/7NXjq3s4OVkdfeN6sRavqEePL1KaL/AH3rX6wjN4CR62NLsRL+7mnQD0ZgK0bGySBjJFdyPx2Y5ryOHxbqsEZEl6s31AzXp3gG6udU0ppZm3E+oUChVVLYweHcNz2/z7DdmaW9vXk6eWr/ACNVFUhS7YR208Lr/rJJgRvrXeWaGIL/AGnb2+376Rp8+axJVSfUlb7dLeSDpkfLn3r0qZ4Bd4J9j2p/kWuMm/8AK8v7kdpH8y/8CpOpwcA+1Si/8j/l6t7XZ/sZkatywsQs6SELqF6jHeu/K1chs2jkl/0SGFiu5Gun+bNUU1PzhJ5l7eTlz8qRrs4qx5SsYNtptz/y0uJMNQYPcy/FAkS0lTzkYuR9wVVsY9iLvAO3HWrfiwO0Unly7tuz7q1Us5HaNQy5znlqTRomXrY7rmfHQx18bat4l+za9qMMNlczTWrySSfu2+7uf95/45X2TpvNzN/1zFfPgbSPDfjfWGntVyTG8McrDyl+aT56IuwpSsfOnxD8WReIdQN0Y2BjGJIyPuffrigRkEfhX1l8Svhpp3ibRZ50to4J1TzPtMA/9D/v15V4M/Zl1jxBoc+sTana2kMW6SOOWL532VwVnrc3py0Oev7YyXESMNrNuJz/ALtee6iv2dkbaGZnZM46V3viTUGtriG0j/eXyKWkI9MVwviG6jm1S3hiwkYyz/WudbgdB4a1CxVMald3IwP+efyVX1/UdLmJ/s9rp/8ApoY/krpfh/4Im8cGeGyNt5ttH5j+b/dp3jvwFqHgiWO3vkhm+0b/AC/Jf+5XSoqaGjkb3nw3ET/z0xVfwd4x1DwTq0Woaddm1lQ7GaL/AFbp3Rh/GntVm8w3hqI9JQ+/y65+35IDcZ7VwVqatZnoYapKk+aO59c/Cj9pjQrrUoE1ZB4d1CSSOMuQJLWVP40ZB9w19WWN9BrVql3DcK8LgFWB3hs9Oa/KvTj9muISeIt+c19LfA74z3Hg67i028kabRbg7QzHLwN/f+lfOYvApLmgfV4PMpOVpn1lfWK3EjORhPSsO4tCqsAMxjofSuh07UIdbt1ngdXiZdwKnIYeo/wprWgZGAGVr5yreOjPpKMlUXMjkXsgFJFVTbBGPFdPPYgKcCsy4tcZOKzvfU7UtDJEnlq1S2upFJEG7H0NRTxEK9UFjKsCDjFSR7PnPQ7eBrrTZGOSfeudv7HDLxz3q/8A2uIfD2/zXxGm9xH/AHqxtM1v7diVnKB/ueYlFyo0eU2ND0GKJDNMvPWpotS0Sz1eOwEj3V1J8/lxo7bf99/uJTZPENvHCUZhn+GucvPEzqWhgt9iv98x/wAVOD5jaC5dh3iueDUNdS1s5A8UabHkz/FWzoce3C46cVz+j2CGcttKknf85rrtMiCNngZpSjbU2vc3tLBxWzZg7m+lZmlruBOOPWteyxuOPSlb2iMr21LEUTS8KpJFbWm+HLu4wfLbDVu+CvDD6hKsjKNpr1i20uK0hRBGuV7124bBpnzePzP2XuQPPdI8EXSQKcYG9etHxA+GjeO/CN9pE7Rx72ykmPubK9OjKqmAMe1OxweK+go4aNJ8yPkq2NqVn7x8seD/ANjixjwdfkM8Q2zr5Z+ZG/uJXR3/AOxt4Ev3MkmnOL7Z8k4Vd+7+B3P8eyvf3k289KILr7QTiTpXq06i19489ts+a9E/Yh8G6TrN3qL+Y/2ydbr7OBjyZv49n+zu+evbtA+HWgeG4lWx0+MOP7y5BO/f/wChV1bZ4J5x0NRmZQa2Ur9SdTG1TwnpHiC2a01PToLuFhh1mRG3/wCFeD/Fv9jbw74ztLqXQHOiakXMgjhHyO3z/ez0376+k0yT0NTIMuxpOck0kVGEWtUflVrH7Jfj2zmkhu9GuZpIfv8AlxSSJjfs+R/463vCf7E/jXW7loZrEWMav/rLn5QF/vc1+mTAMTkA04ZFdCrSW5haN9j4f8If8E8H0bUVm1bxLDLENrqIIMN5m/6V7foH7MWnaJ5hutWuLtnjZPLRY4wa90C5ApcGkqkkPlS6Hxd4/wD+Cetr4pvLnULfxPcm/lZmeS5jzub/AOIr5z+J/wCxb4y8DPFLHYvf6YxKteWY3rGP4NyL86fL/HX6ulciqxiGT+7Hl/dxU88htJ9D8ObqwubJ2SaB8rJtk8weX8wrFulla5IwOf4N+a/Wv4rfsdfD/wCKLzXgtF0a/Zt7T2KhfMf/AGlr5C+M/wCw1r/gBptVslOv6dFkhoAUZU37+U7VpGq+pMqWmh8pLp8iK4lcRlxwGqubqVFETSFkT+5W/rdqvmsQCWTghu1YsFozCRmQLn0q3UZy+zEguRtbazA/7RxUkd7MpXF5JF/1zkb+lN8qVUf5QR9BVRpXjYfOyY9DWftJh7M1k1LVEP7rVbgemZH/AK1WvNb12W3mie+nnhPyPGW+/TIr3OAWJ96lDbuc9a0UpC5bHWeDfEMfieFdLv2iF4OI7lvk8z/YesjU9PmsfGNig4O8f6z/AHqoWunNGd0EuycfOhHY11GiaiPGBje5jjOt6d98R/8ALZf79W3dGsHbRnrFrKBBErfNiEVl+K5D/ZF8ynb+7brUmnT/ADhVO7EdUfGUv/FO37Nwdg/9CrFwN/tnjfh+UnxZaDzP9Y39a9TvJwbe4UP9wV5Z4ZjDeL7Ibf8AVu1ejXTYNx8v+sQVtBe4xSOeDeZK3p1pmpbf7NvGzhlXK80RgtHNjjjg1m64zGwuMHgRciudmqskY2i6ZdTQ71V5N341v29s9sh8yIoR/eFR+Dopfs0BXvz9/Fdna3LK0iPE7gf3U3V206cHD3zicpr4Tm4L2SPG2dl9g9attr13CPlnc/VcitYw2U+d8Man3HNB8NWdyMrKY/8Acp/V6H24i9rUK0XjW5j+9BDOPrtq3H4+gyBLYSRn1gKMazp/CS5Pl3jn2c4FVJPC95H9yOKUeqtzXNLA0KnwaErF14nXQ+MNNlIzcyRn0mGytaz1i1uQAl3ZvnsW3mvMLnTLuE/vEk/FPMqsBFF9/cp9k8uuWWTRezO2jmNSO56+9lb3Wd1lDNnugT+VVJfBul3XMmnCMnucL/7NXm8OuXVv/wAe08igf3WzWhB441SDG65P0dN9cc8rrUvhkd0c27o7eT4ZaXL9yeS39MODVaT4Xxgkx6qx9nRR/wCzVhwfEy9iA8yGOcfQJV6D4qxA/vdMZfUqTXG6GLp+Z1xzOm9ySb4b6go8qK5t5h9GRX/9Dr1D4faHLpXhiyS4AEw3PJiT5a87t/iTpE/EqyQk+o3V6npWpibRLVuwbPmbPvpXZhHV9p+8Qq+Kp1YWietx24SLFvpUdpC4LtLcYLK/vu5rOufMneKZ9Qt0uMFAsQ6rV+Y2MqSN591qkkshZZZOVaqLxXHnxulrDZxMNgRhz9a+oS5D5QmjCqDuxj+8O9TKwFuT/o0a/wDPSblvyqCJ1GcvvPqn3anhV/KLRWUOf+ek/I/KrLGwXe4sq6jPIn3QltHtyKs2lvAAW+yAueEe7l6f8BpsN2SSh1GJx1WOyj25phtkUMws1LH5g97L/wCydasgxPEFw3lXAW6HlhRlbZPlqvp04NvFsBPyfeeptebNvPi6TZsHy2afu6r2BH2eIgZXZ1NAomnpp/0uQeqV8Y/GLxl9h8XtNZebN5EzCT+4/wA3/wBavs7Th/ph+vl18yeLPBnhnU4/ENh9vzMl45n/ALm52d6kJq51Pwg8Ur4p8JwyXFoI/MmMaxZ+QnGN0n+xVnxbPqNpY6tDKqLZ4cR+RJsR9/8A+1Xith42/wCEFmsooXmdEG1/Ikwj4/v1X8WfEbXtb0/U1B+xQxx+ZH9pOxtv/PRP79eXUlrsKLtoZFh4NutUsrjVDIC1yjiMkZKfN615XrOktpGrvHP806uWPviu70Px/eaboltaoI28qN+tcnr+7VNRe6YSGY1KOiFpHafBX4gWfgXUNUa8tJZftdviMxSbNnzVZ+MfxWj+JMls1tAbPyY5epzv315f9o2dRyBjrQ17vPK5x710Ql0NuUS9ujbfZ+TN/fjrtNB8QeDXH/EwUr/1zT7lcZEZmuY5zaSGJO+yoLu1F1dNLBYyrk738sfepzipIXPynqGo2vhprH7ZpcAmRDlZJH+4P9ysq11v98COmP3fauX0vw/qF78kNhKmfv8AmJt3V1lp8PNYcDEMUH1kSuGrRehtGtc+jf2ePibd2+dNmkZ7Jig5PMb/AOx7V9GwSAqTGx2t9z3r4u+H63/hV2LT28swX/Vua9s+HnxRkluGtNTaICTCJIp+41fPY/L7rnifSYDHuL5ZHr7SZU5POaqTqNnSkilLQ9c8ZzSuwMdfKtezfIz7rD1YVIGRdxDDCs0wc1tzx7wcdar/AGfGcip3L57GTcWjyw7Ebj0qOCBkUIxAx0xWsIlCnaao3aLAnmMafIHOYOt3P2UgZ6VWstXYsnyc9uaparcrqF0cGTaDs+7Wt4f0yCyjlN1JHj++7/drSEGjSEZS1Rp2mrTR4xD/AMDrstH1uI4EhjiCJveR6881D4maTp2YNNsZdVkHyOx/don/AAOsm6j1fxxPuupvs1jv+WziQ+X/AMD/AL9aThaNzrVJ21PTtD+LVrrupS2GlhriKP78sSfLXsvg2yi1BVeYJFsTzHzXj/wx+HsHha0Z1hjill/ePIB/47XqVncFNHm2naY49hI/jrkhPXY4cRCUIPlPTIPGWl6NDsgb5h/cqCX4qR44dsn+9XijX0seGwQvtTba6a/nCMzD617VKrZHx06HNJuaPeNO8epMxLy4BrWh8WpKh23Ax9a8Xt5lt0JfOMdarSeJI7cHaxAzTddmM8NTtseta/43lso1MDCTPGRV7wrrE9zbM8jqpftivGNL8Rya3P5Kbginriu5h1qPTLaNQ7M3enTru5l7GnybHoOoeITbjBl59qqW3iAzzjCk5rhJNdivG4MjH0BrZ06+07w5YSXkhOZBkRl+rV61Kq9zmlSi1oj0+2nIgR3ypK4wai+2RRrjzsM3avIh8YXv3KIQqqcU208WyX1xHIZuN+MVuq12cUqdj2eNgQvOeKnXqK5bRfEBl2/IfJ+48n9xq6S3cFc5yPWuyM1I5HBonopAwPSlrdNFWQUUUVQDHXf9arPaF+1Wdwo8wZxQM+LP2j/2FNN8RSXPiDwlDHaSCEbtKhHloW7un+FfDOseFLnQby4tLuBo7hHKPEwwy1+3MyqcHHtXivxk/Zh8L/FLTtRkS3j07W7hcJfxJ86n/Pesp36Csj8mWsJBuGwj2NY91YS4mJXp7V9map+wN4vsdWnjsZLK5gCb0mZR5Z/1nyV534p/Yo8aeGdBuL+9RRKE3+RFHubd/c3/AHKum+5LifN8IEbJuA6Yq7boPORV9aL3Sm026khmGGiO0j6VGqtLvePjaOtbOaOORpFHDTyqfmiGNtQCaVHgvrUGO5gbLAcZpzTsXjvFOYJY9jp/t1DZ3pW7MMoCxs20r3zVE+8eteC9ct9es4bmNsuPllWPs/daXx6+PDl0vdlUf+P15lo2qP4K1oTRk/2dfkLNF2z7V6B47vBP4S39iy/vI/4lzmqOiEuax5l4QP8AxWNsuefn4rudRJEchPHzisD4WeBtR8Ra1daxAIzBCGiGfve5rsdQ0G5e3nyvO+trWhYcjlbdseYCCVJ9aztciUafKeUQjBOa0bjSr6yK+bAVT1zWZ4hkzpBQRsCT1rlehHNoWPCVpF9kVUnfOO9dNAt5ZKrJKGUjjNc14cRYbYAuV+T0regL+TF5c+7rkNVxmzNtl5L8zLi4jEnugqeF7YD92WQ+71mxXzwAiSIMPRaYbi1lOWi8k10cza2IRvRnPS43j+6wqQTSRg4hB/3GrFtpIJeElYfU1aXfA2U+f/dpUy7k41CSNjviLf73NQz3drOMSQAf7qUHVpV4dCg/20xUsV3BNxJEj/Q4rouRylWHSNMuDzE6Z9Rsq43g+1f/AI9r+SP2crIKZBBaJc5VgrH/AICP/ZqttDIvm+Td+d7OlO5LijHm8AzyM7KY5GPcfJVeTwfe2yYbzBtPRWzW9Y3F5aygtAHT/Zbb+lbVtr3krIx82Ln7rpuH61EmhqOh5tPpd4dy7Zjk4y0f9a9/8PQS2GgaUGfJCJkVyUWrw3jx/uYGBJy2Nhr0GdZPskBiD4VE4AyK5dLm9Hc9iupZYXeK41GC3SP5Ujtk+YisO4khe4SWKG6ZidjSzgjNbUcbRvK0NpFaBRnzJm3VkalclruAf2nJcFvvIq/IDXonEOSZhuRFwv8AeJzVq1g+0wlFgMjf3pjtWoVUxsX2hx371PEgnjJENxP/ANM3O1aCky3bzvBvjnufLI+7FZr5jH/gVTi1eJllW1aGPG4zXUmQT7rUEUjWQNurxweiW43t+dSTRsiRhI2EmdzSXT9vpVnPMw9dYS2lyQ7TdyluNiis/TMfZIivzAJ930rQ8QMZLKfc32o/880+VB+NZ+n5aziLbUIThV7UGtMvWDYuzj1Br5k+IHhXd4z8QzDPN48n+/8APn+tfSmmNjUjk8YFeQ+Prmz0O81i8vf9T5rxx/33bisZSsWzyaXwrATJ8pPP9ylTwukuwMCwUYwU7eldPpepDUF3KFwxz1qRxcI77cYHvXO9RrDvc5z/AIRK0HH2Ff8AvinDwpaFgTYqfqlbvmzdz/49R50o7/8Aj1H7s2VK2xjDwhY7939mQ5/3aUeELES7hpkOf9wVtmaYR5LgH3pRLLsBLil+7NfZVDCuvBYuFxFaIo/3KrwfDx4zyscef9ium86ZRkSZ/wCBUCd2Pzsf++qLiszno/h3dK5P21QPZKUeA5dh332f+A10SK24/vW+m8Uq52nLMf8AgYo50KxzUHgOVS228P48VLB4Hu1DbboH/gddHCgO7HHH9+mxQudw3kCk6cKiNlz0z0r4Z+JHk02LS75i9ykeEmKdVH8D+9dszkKcgDHUCvDLZJrbnef3fzpxXo/hPxnHqcS287BJ1TAJ/jr4/M8vVueB9hlmYRjenLXY6iKBnXfTZ0McecU6C/Aj242+1E8wmhKjp618r7OdPc+p9omYmr6tHplqZSPuc15Lr3xdk1yUw2GmTgo+zzJ02xtXqmq2K3tu6MMg8Gsez8NRRjH2cZ/v4rSDvuG55cNL8SaionmvpIc8rFGeErRsPBEkpiN3dSSEvvKM+/fXo66DcBsADy+1a2l+GQCDL89bc8Ybns4aSjA53w94GRZVVIuPpXpuj+GntkUOAqe9JYRfYVCooWuhspXmQLjn1rgrYic9InQ5xexrabbhIcDkAelXpAF069Y8AJVTS9yFw3pU2ruf7C1Bl4OysIN9TyK7bTsczZSLfgoT8q96vaZDGJ2Y/wANc7od8qwBP4z1NdCdqW24HBPevUpy5z56rC47UdQl80qgzH6VgTXgmuCnlkn+6KlF0bqbykc8/wAVa1npkcJ55f8AvGujlOVrQvaDDHpMXmsQCR2p13razymOMnJ75qEW6ynyi2asQaOEPmKucdc1006aOJroaeg3CW0dzcyHbEifO7etcJ4p8YTa9qixw5jjjfy0+nrWl8QfEcFjpRtLNuAPMkA/i9q5vwBok2v3Z1C4G2L7saf0rupbWOeXuI7bQ9D8yOFQfvclh3rutJ02KxjkjZR5j8A46VQ0yxWzVV/uDA9q04JXeXGMoOc10KNjjbudn4dkkghx0EZz86ffrrbW8S4xnCn/AJ5iuf0yTciGIxiIhC8dadvcw2t15QGM/wDLR61hKzMpRujeBVe2PxpPP5xiqzTAfxg/SoWvVU8mun2hzuJo7j60wk596qpfK2OatI3mLmto1LmVmgoooxW4woxnijFLg5xikMTyPpXN+NvBlh430eXTNQjZ4JOG8t9h/Oul3c4JOKATn/pnQI/ND9rL9lq28HrJqeki6miyCmY967fn+RNv9z++9fL39lum7cjQmN/9Wf46/bzXfDllrdhLZ3EKSxzgghhxX55ftM/siXPg2W91bSVZ9JcvKEVvnDf7CJWOsHqZSh1PjVr42NneWx+8G8xfaoNCuIry8zMf4MpJJ/eq9rGnpFeTRTQ+Xcp8kgxsH/66y7M2dvvxJGCvbNdkZXRlsdXLpcupWctjP8rtyp9HFanhv7Vq+mXXh1/3V7auZLUN/wAto9+zZ/vJ/wCgVl2njHTPJt45F8uX+OTzKqeIPEUOleI9P1Kzn5icsSv/AC0yOE+myrTOZN05n0J8NPDF34C0m9W+lCwm2Z0kD/uH3vXPtrMChvMYNk54NcPq/wARPFGq2kGn6e8d3pMsvnJ5ny+V/fSucE+rRwfv2iPukma1vdGynzHfeI/EdlJaGNbdmfs1ea65fkWijBClulPa+uJWCs+foaxvEJaSKGNM+ZuxkmsWaKNzoNI1SMxhGyny9SK2YGhkQeXOSR6Vx+m6XepHudw4x0FWIpmts745E46itYTijRQO0RZtmdpkH97FIkyIcSKr+1YNj4imjHzTbx6GtKPxDHJ99SPoldEJxkQ6ZrxW9ncDILQt7CporeaFv9HuElA7HrWdBqFtccAGI+pb+lPaKQNuSfcPpioejMnGxoDUJicSQk+vm9KmjubduHhTn/nnWel/KcAxMfeSpFulJ+aIL7pWgGrFZWjBtitCx/vdKZHps6hjEyyDPZKhtbcTyHFw0J9GJH86nmgurRMxuJ/rIF/9BouBNFcXsT4Nudq9dnP6NV7+2LdVKypsY9nXbWbDr88RZGjePPcDf/8AXrSg1S2uYzHJCszerHafyasGx20LllcwTCEbD9/goP616LezutsixqwURpy5rzjTLKCW5t2UCEb+xz/9au/1O8VHkgRjKRGnArJsdM9gVoZSVUT6lIDuJK7YxTdQjljdDi3gV+WjU5YVZmcuH+0XC27x/IYLZeGFUL9RC0Aht28rtJI2GavUOIlt0KK4P3W71YglErRofM2r0x3qKWH91gOct2rW0azN0iosUjMvUigAtoo4hKqIbVnOMIvJqYaMt6QscCmRerzrk109j4cisIw9w0drjndM25qqXHi6w0uSVLW2e+kP/LQnCinymVtTm9R8DzG3lUM6lh/Cdq1yN5aSaIkcMnltt/uNk12OreNdSvyfmSOLGCirnFeeeJtSVL2GTDkseccUjRI0dHb7VfAgEV8o/EPUJbj4heL4ZvMu4otQd0j3/uofnFfT2jajtuhnI+99yvmOGw/tv42eL45f9Sbp5PLj/j+cVhPcvYm8JXA/sxjNKFl8zt/FXRjyCW/0oAkdK6vR/BNvqdvLDb2EPkx7X81z9yqmo/CX+zQRLdSY+/5gT+GoO6M00c4FiA/4+UNRtNAv8QP0rmNb1x7TUTBaWd3NDE/l/vI9m+s658azIf3OiTr673/+xqGrh7W3Q7n7TG68IoHvmmG5RuMkD3XiuEX4h3i/L/ZTH2ZmzUi+O7wc/wBiOc+u/FTyIj20+x26PEDkMOP9jFTq6zjgjj2xXBDxtqk3yx6ORn0V6d/wkPiSP5o9JIHr5Tmnyi9t5HdiePOME/8AAv8A61L9sjT/AJZt+BFcPB4i8WScLaOD6eQ9Jcav42zlLJj/ANu/+NaQgh8/kdx9vgxjYwPuaYLtgeMj8K4hZPH19hhbsg/64IKmGj+O74bQCh+iCuiEUHO3pY7X+0JyOpP4Uhv5z/AfrsqLwTp3/CLXMH/CXy/6ZI6pax26Jt3b/uf33rq5vj5aaT4OnltrH+zYbeRnePy0+9v/AN3+8lZ1qcaisaU26M1JFVviPc+B7eGTXo/s4kfy41JzIy/39v8Adrq9G8fWPiCISWN3Fcq3VUIB/wDrV8YeL/iTqHjbUn1G6nuJt8u5PMf7kO/5ESvYP2H/AIPaJ4+8VatdeIfEF5p1po9jHqL29nNtaX59jp/u18pjcDFXcT6nCZg56SPoq3ud3X8s1pRsCuMda5TXL+yTUbu8013TTpJG8qNjv2R76m0nX1cDD5/66V8nKDg7M+po1FUWh1tvFlD6ZrUt4Pn4rEs7zfHwQSeeK17e5IlGa4aquerTnb3DStLAtLnrXS6dYFMcVk6fMCw4roraTCjtXFsdaLCReUGOBziorhVn0++iJwWRxVS41SCzVt029v7oPvVK11aTUdQMKKFid9uT9KS3FUheEjg9Gt5mvZAM4Brrrjc1uqL97FZT2zafr9zEgwu41r4MjAL1xXp4d6nz1RJFPSbEI5YjvW3FOgfBqrCBFkd6fEg35PU16iscFRGjAomkLR8Gm63rq6RaSw5HmunamPcppljJJJ8p3cV5n4w1yXUZzbWpL3Up2xgV0J2OKUS3punP4z1RpIyTAj5kbs3+zXsnhrw7Hp8KJAu0Mc4rI+HPhJdM0hIAvzgBZD6yfxvXZzaha6XwG/1XGa7aVmeXUbk2TLpgeOV3kUqp+7t+bP41HtWJGH2ad0I+Qqypz71mXPjeMK4jhMkgPyyscoPyqhL8T4o4JLcQRSburuGVt3tXTzI5bHRS3720GI7mW1b/AJ5yLx/33WS/i29JyxX92dnmSHfWVN4sxaS/bIZBKX+SSP8AdbK5bw9rsurreCVidn/LQnb/ANM/+B/crF1bdC402z1uw+I8whDSFWIrrdO8T22rabvBCy9xXz6t40c26PJj9K2tO117JfMGVHpms+dscqaPXX1oJII/NOa6XRtYSdRH5hzXhMXilppw3mfhXQ+H/FrxXYJkGK0hOxyygz2xJsHnp61MJR1Nc1pGvxXSgFsMf1rbjcH5lOQO1dUMS56GLpNakk90APQdM1y+t+MBp1x5AUH/AKaB60deYLA0Zn8guN+a8B8b61NZavF++zB/q5P93+9W0q3J0N6MOeXKfRehaguo2aSuc5HNaRI6D7tebfD7xZBqO20Q8+UrGvRo2yta0qqqIirTdOVhxGaz9Y0tdXsLi32qokVo9zDIH+3WhQD0X8MVrLUwPg39oT9niTSdSutUkhXWLW5Jk4tvuV89zfDfS8fv9NWP/pm8ZSv1r1HSrbUrd4LmJJYX4KY4/wDrV8v/AB8/ZsN5HLqWh29xeS8s0aOnH03dPwrSElHRmU4N7HxFP8NdAkB/0BV/3d1Vbb4P6ExMos2X23tXp994RvdCuJILyICWI7XjckvH9c1UZtoI6fjmuyEYy3OKb5d0YMuj2Fjo6w29oscaRtGAorzvxHpsk6nyU83/AIBXrN4o+zMtc1FbBnaIjOTWzjpYzUne540oePzCy4IOMd6zNdKhYH8wqfXFevax4Hj1BZWVDE3Ygda828VaRPpU0SSQ74x0bFYygdEZ32GaLq7IoR13IP4s1rrqNpfN5KsDjs1Y9jYWt1H94xP+lJdeHbmPLRqXH95etL2ZXtJ7m82hwTodhAbtVCXRb+EnypOPQVn2mo3Vl8jOXx2bitmx8VuCFdAvua55UasdYs6oV4y0mZyyTWr4m3I3q1XoNYmj+4/mD61sQ3VlqfyuEkY9mplz4RjmO6FWgPrnisXWqQ0kdap05axYlr4oK8Sxbm/StKHVIL0/vNifTiuaufDl9ZHcq+eg96r5ZPlMEkbDrWtPEx6kSwfP8B3sUCbf3N0/+4eVqaGK6QkpEWHd0riLPWrm3GLeYyKP4HTFaln4lYP++jeN/wC8G+WulVYyMJ4aVPc6+LVZYTtdd3uwxVpbi3u8eZCZPr84rGsddhnwryqw9P8A9daW62l/1eYT/eXC/wDoNXBpnO4tG34ftUi1K3ELsg3k7RxXZ6m6m6ckbCeNw5rj/C1rLFrMKpOsg4PPJrsbx/3pPl72z34rlqCp7nv9rprRkvDEttGDnzH++aln8Ps5Dw2895Kvz5A+Stu41DSNMDFmN7MeOa5vVfiLqU2YrVTaw/cCRjrXsHCVdRhlgQM8XlSZ5T0q9Z+MZdKs/s1vCschHLGudl1GWbL3fmM/qarNcJOMj5m7UAX7zWr/AFGRmuLiQ+1QJftHhAdwxzuqhLdNbQyyFkRFPLSGuM8SfFfS9IeVYGe5uVHRF+XNEpFKJ3N5fNb2wbzvJjP3iRivH/iL8RbCzuII7cC6kRvmKHNYmp+NNT8Xp/pDNb24PCocVgXNtbWnmNI6lFGc4+auaVQ1UTdi+Jh1HEMcc9v8nlvJWHZaNomga7NrX9pme8kT/VlOrVyWs+MrSHKWmGf/AJ6PyVrI8Pfbdf1HCTuPn+eSoU7g0fRngfxVfwIZYLHzd3+3srsR4yvmP73TVP8A0zEiivILLxnYaAkFnMx86LrJFIg/77qeL40aG3m+bciM/wAEgGan2nkNGp41+Ktr4bmkS6sLSG6Y5jRev/A/WuY0Pxtc+JmmedLS3hYfJhODWD4x+IOl+JvMRNE+13EyFFkkTDKP7y+tc34V8N+ILwlhDIlmoKI7cKPf60ua40e3eHPC1jc+beXYjMP/ADzEf36PEyaPYYi0y2Tj/lps+VK5rw5LfaLZC3uLiSeb+Pn5Vqa4uzNv5zmi5Q2O9uBx58f/AAFaHv5wR/pLD6LVdJCO1JLMMYJAppkcg64v5Qp/euTnl1Oai/tAyFvnkHGN27FW9I8O3+tSLHbW8jKw/wBdtwhrrrH4c2ulIkmr3ylif+PW1Xc5rdc4HL6Lo/8AaAH782n7vf5kj/cXf/B/erbA84/Y9Ij+2TBMPcyP8p+f+P8Avf8AAK4zx1fLaHbcy3ItxuEcUg2bhWH4c8Y3N8UtoI/NmRNkckZ2slNz5TRbjfiVNe+G/GmnXOqSxXTiPB8l/kR+23/crz7436/DCjafaJ5cN3OdRTzJPuq6b9n/AH1VD43+Ir3Ul0s3Od8avujPV3xsrze6up75YJpJi5x5ccbc7FqLnRa6JreYsiAgcVs+C/Fl34Q1WLU7R9syR7Xj/vq/30esKInIhzz61e+x4Efo0m2SSuGuuZGlC8HdH0j8NviLb6nHqC3EwXa++Hn/AJZuifJ/45XTN4ljwChxXyvZal/ZN/LtJXD7Ex7V2mm+Lbh9oeQn1r5jEYZPU+xwOIaVme/WHjxlICyHjpzXWaZ8WDbACaDI/wCehrwHw9qVxqv7q1tjdnf/AKzZ9yvb/hf+z94w8ciaW3t47Mf89Lx//ZK8KdCzPcddRXMztLT4r22AYAd39zy63rHxxNqgGD5NeR+N/hl4g+GV9Hb61p8kZc71uFUsj/7j1DofiEwGXa5ZAeX6EfUd65qmFa1R24bFRmtz2m3dnmkeSTeGrZ0+QLIjq+0qa8cs/HqjzFSXftpf+FkshVDJt3HtWH1eXY9F1ocm57j4r0kteWuoxy+UJQFaPZ0xTYEx8wJI9azfh14sTxv4KuJFm8++0w5EcUnzuuPvvVi31qI3X2XzBuPyPF/crppQdPc+crTU5aFuNiznNXraLfKCRwvNLFYCME9hVkqLW3Ln03Gu2JxzOe8Z3yhWVz+7jGW+lc58OvDR1HU5dbnG+JTtjU/zqPxhcTapLFa2+WknbDY7JXpngrQ107R4oEHzKvIrp2PPqGtNcnS9OypK7E3vg4zXzd41/attofFU2kxwXP35Ejl2J/B/10r6R1O3+0QTxN3TBr8+f2kPBE/hPxM17Au1GDdP7uX3L/4/W1CXNLlPOm+U9F/4as025N1vvNVtP4PLa2jdU/2+XpdN/aEjvrqSayu0k2SbOfkb/wAerw7XL7QrnTZZ9Nl82eSTzI/7iKwQxo6f7Hz1y1pczT8yGSHy/kKL0r1o0uXqc0Ki1uj7u8JeIX8Y6FI95cMdwRkjjOW/1ddH4dthpdrPBzLl1dJD/d//AGq+f/gJ4hmd44C5G3Hzk/eWvooTxTcA9OK4Z02mbxYiSOD1q60pMAFUCqKw5qV5AI+tWo2KcSzCypz0qYXjxsCjYxWQbomrtovnjOeKLJmL0Ow0TxpJZFVckkd69O8I+LxdoPMlBX0zXjukaSL64CdR3r1vwh4JtY7beJSTThHlMnqT/FTVZLDR4JITiSSTDeyCvmvxtJPO8U55zGz/AOr2PX0f4z8KXeoaQVgFzNj5/wDWfNXzj4xj1rw88jsJoLSAkGQ/OuQf+Wn36upK5VGPK7jfg344nOsWZ3S+SjJHJJ/G6Fuv+xtr7QtX3KMHIIzXwV8NddN54hto5raGfNwnly2sex/vfx7P3b19m6jd/Y9QtVxjAQf6zZ8tKk7SHiFzrQ7JiAvocVinxDD9q8nGB/z0qODW4LzTvNVuCjfvIzvryW7+IEL65MRHLP8AZ5P+Wb/K6/36K1eULcpyRoyZ7nbzofmDbkIptxbLdwSRTp5lu38JrJ8ParBqVnHNGQFYAqPUdq2J79I8b28v6+tdlOuqkEyWrbnzh8dPgrpctjJqtjNp+k7id5uI3+f/AIGtfKWqWQ0zUTCJYL3H/LSCQslfpTq9rHe6dOrwC4cKX2sMhq+AfH9rFN4q1AS2X9m4l3uoTZjrw6V6lCblJROCtFJORw+oRYhLcfQVkWUBaYvszW/q0kLLsUrg+gqlpcKs5UPXsctjiT0GPB+7J7elc74h8OwatauhjD57GuyuLRiMDj37Gs6e38teMhvSs3EcZHi19o66RPslUKo4HFFvLKhOxsp2zXZeL9Ogmt3z88ikmuAjkMzFQ2wLxXLUdpGrqe6XbiC0voyLiJSf769ayX8Nq2Tazl1/uvVtTIgzJCXX++DVi1uI24Vsn06VKlJmCTZgNaTWMmCrIR/EOlXrTxVd2ZCGTzFH96tpj5gxKAUNVptDsrv7h8s+ta+zpz+I6IylAvWHjSB8LPCW/wBpa1hFY6su7y05/OuNufD01oMxt5i+tUo3uLWUFJ3Rh2WuOpl6esGdMMZKO52dx4PjuCTbyGI55x2/76rGk8P3ti04aMXSjo54f/vkU3SPGN9D5qzBZ484CAEt/jXXaV4ksL9QsjeS2OVYj+teVOlWovY9ali6UtJHFoiKcSExEdmGHrQtdVnsyPs0pb/rvXcT6dYX6fPHFLn+I/erBv8AwHDc5NvK6/7LnArKjj5RnapE6XToVVodH8Mdbe/8QrHOgikjR33g16LfTBm4PJrzn4VaDeaJr17JN5fleR5abG8z+Na7+5+a7OP4D9K9iE1UXMjzqlKNN6HtrgnzT3BqGLziSYxkipYLcY82eV/3nZK5nxV8UdO8GZEhjl7eXH9+vZPAOp2gQ/vxkvXAeNPHFpos8/kiT92v+rjrmLv4xahrAklSOOCzP3M/6yuJ1fV7e7eS4edpd3+sjNRKXKC1JPEnxH1jX4jb+cttbHrEp4I93rkxdusRYuI4j3c5qrr2v6dZ2jMu4MPuItcrZw3/AIrl2gnyf4IylcE6jmbqm7XOgvPGX2ZvItCbiT/Z+6Kda2GreND/AKROYkT+BPlWui8IfCqIBZbvy52HOwdq9Bt9Ig0+MIsaoF/hUYAqOY05Gee6R8HbAyeZcMd3qOa6S38AWdrCUggVAP8Aloa6Ibl3OF+UdqzpdcMe5FJdh/yzpXY1Azrf4eeHoObi0jc/8tHkd/nrAvPB1t4iuDDpNhbQ2kUmx5HT/wAfrstO8PzeI5/Ou4vLtI/3nl1rahPa6PZzLbQq+PkjXH3KRXKM8KW2ifCyMD+zLXV75R/rb75lX/cSq/jv4jXfjpLXz7KHTYbVGZIrRNqOP9vHArlLmUu+6YfvXoyQMZ4qrMaSJlckZBwD1xSAcUzGeBW/4M+H+oa0fOu/MtNOL/PJL/H/ALlbwjzBYy9O0661a6W3soGnlJ52jgfU108XhWw8OWxutbi+1Y+dI3Hyp/v16XoWl6RoVvt0+0S0jA2SSMMyN/hXP/EzSZbjS7uOIfvScfc+/wDf+RK6VBIlnPr8fLGFVgigggtI428vam35v4EpLL4522sgBLaE5T95hAd/yV8h/EFbvwrqtxDN9o+Qxzx/gXrM0Px3dwkbA6HZ2XNamdj648c3ll4igvPIWy+ffJJ5ke9vv15bo2jLpF7FcCVYfnkT90/3/nry8fELVMS/vjiXh5M/w1v3Xj3S9P0ZgRuIPyDPyo39+snHqaRepkftF3MR1nTDD/zzkkePf8qR5ryonjIzjtg1f8TeIJNevftEkkjy7dqGT+BapWIM93HF/wA9CqZ/4HXNUlyG61Om+H/w71/4han9i0ez877u+SR0VE/33evprwJ+wzCFil1jxOvB/wCYam9v9zfXrvwo+C/h3SNJtLCKO2AKCRJI/wCH/gf8dejrHDpH+iwHEK8JhK8WpXdzsowvc5/wV8E/BnhazksLDwzasB1murdXeQ92d3rnfE37N/w41K4nuH8KWtveS/Ij2JZNzf3spXqlo8cFtKc8n/Yrg/GWtS6dcQzf88nWRvk6LXHVm2j06Huy0Knh74e6Z4Z0+GLTrNEwdn/7b/xV618JviIdJlWynCoN+EkFcSksV7poNmfOhbnzKx5jLZgMvGOhrwpyUXc+ljT9tDVn1T8QPAelfF3whdaZfKuJwTFJj54Zl+6y/wDxNfLMH7DXjSTPmavYQ/wfO0kn7vf/AHK9y+AnxGF/CLG6c+emAXPVwO4r3z7Vld/8PrXo0Ywqq7Pn60quFlyI+N7T9gPUMj7R4tjX/rjZhv8A0KtS1/4J7aItsDe+Ldakl3+YZIERPl/ubBX1rFqcLHAYE09btZCcHNdf1amuhySxuIW0j50+G/7H+l/Cua4utE17UJ/OiaN47sJIr/3K8k1Wxbw/4u1CNoeUlkUyYxyG+SvucEk8V8g/Hm1ltPHt/HAMBljmb36f4152JwqjZpno5fXlVk4zZe03UZNQdIsj5vSr+vSLFZBOrH5a5HRnl04rMxydnH1rpLUNfWyzzA4IJ5rzb8h6VTc5bTrY3GuAhfuDFevaXbG3gjA64rjPDtnE19JIF613UULrChz93mtHLnPPqGfdgNJKSeQea8J+P3w9j8XaZOyRgzopKnFe36nIQ0ko+6a5q+23pk3jKlcc16FD3UmedUVz8+PFHwc1TTxKIYzhCheNeFqhoHgzUIr6KJBhmckJjIr7f8R+Gbe4aXfBuATkJ0asTRPhnCXdxaKhk5VgPu16kahz+zSPO/hV4NudGiZpf3cm8HFe66fCfs8r+Ym4gdqr6f4Q/siXyFiEzMud3pWiNONlDklg7fwilLUuNRLQrZ3DHU0y5OIducUQktNiotSOxsdqxsze9yvBMiOVeQn2q1LrsOl2xIUk+tc5LOq3ZJl2iuT8X+NbOwRo3uwMVVOkzJnrHh/x3bx+bKbr7O3/AC0kbhUWuo8J/HGJNRWC3v5JIY5E8yLZXwn41+LNwpSO0mJszJ5ZfuWqp8Ov2g18Pa8k2r6Fba1ow/1luC0Jdf8AnojJ/H/v1u6NhWR+tvhzxlYeIrdEilZXMfmcJsH/ANevBfjFrl5oesapNZanmaKUxxx+ZvRF4/duj/frO+F3x88GfEe3tb7wldS6bdadIiT6RqZ2SpH/ABBW+447VmfFXxtZa3qF6k2IpnOyCXy/uN/df++n/ov/AG645X2aHFWZzPgaXT9Q1htRsLMWbrPG1zpoGY8lvmaF+yP/AHP4P4Pkr6L+Luurpt7p04k8sFUIXP3kr5K+HtxcWmtwMcjLofN9953r+dfQ37QjbrDw/fZ/cm3SHP8AtYFEHZhL40WvD/xEE3h+eOV+vm7JM/c3/P8A+z15AniGePXb595jDOz5rBHiKW0hNvng/f8ALqKSbzZEeI5yF61jUszshFI+nfhN4ld7SOBjnyULiup8d+MksJLNVPLBXYZryD4NX7R3qpLJ95dhrA+KvjCRfEN3EkxxAuwAVzrTYdSlCofTvhrxNFq+nph+I4/nk7mvlD9oSytIfG2oSWcHmwXESj939wt/H/Ot/wAJ/EttC+G3iDXjJiVI/ssHmJ99v8vXzZr1n4gaOZr7xHIZbqTf/o0O3Z/sb697Lua/vs+exVNwTSF1OEE5C4/Wm2E8Nlbyyyyxw/8ATSSTy64q68Py3h/e6reXP7zYm6Zq7Lw38PNC1LT/AO0U0fTbiWz+R49TklffJ/v/APAK+n9rE8qFKUijqXxE0ayPlDUYXnT5HiQbnNc1qXjW9mWMaZodzLG/3JGUItS+KW8P+I7F73QPDr+HrqCTyZoC+5Ub/Yf+NP8AfrO0m11Lw48btO8V+Nrp5m9l/wC+K5ZVZ9DT2QmlaVr/AIgMs1xcwaXbHrGnzM1cLfBLS9mjzg5NeleLLWbTdVjuAwjMjp+7AwqySVwfiXT4oNeuFl3kFjsdOlc/M5O7JlGyMuDUGiOPMLxn16VPEsM8u6I7W64zUbWDx/c2svpULSQpJtZGjb1XpW0G7GUXYsyXs0M2x13L7VYSRJuQ2yq8YcAFgHj9e9OK203O4gj04qW3c6FItR3rW4wx3r704G0vUO6IA+q8VTiRohlf3i/rU8ASRT/AfyrZSsc8iN9C8xSYCG9m6iqZs5rUfvcnH97/ABrYtS6ZEbZrTgnDx7JYhJ9RVqaISMDSdXvrRpFju2ER/hz8tdFpvj42sQiu7dGQH78dI2gWd3jYwhZv7vSsW98MX9vJIkSLKnrHya56uHo1ltqdEK1Sm9Gew/DrxBbas14IycJszW1csvmyMpOecV558FrW5sBq5lPL7MZrv7hzBIxZhhetccaap+5A7VWdbRlvxF8Y9R1FZodO/wBEh/8AHq8znX7dO015dMJXOSSc5pmpXAtiTFNj/rpXJah4kMjmKJkdz1dv6V6OxyqFje1XUY7GPa9xgfwseprmZtUubpiLRgVP3h3NXNL8Hah4gmBkDsrdGY8V6Lofw0ttDjDthpD94GsXULp0+rOO8N/DObxBtkvNxi64avTtL8PW3hy2EEcCKo7kc1csdJljkXyZGjjH5VoG0m34crIvvWZ0kEExhVWjjCJ/eqSW4CwPJNgJ/ept/JaWka+bOAeoQVyWr63NdI8UXzQjoKBFiXULjW7hLOynjiJ7761dAsNO0G8JeaK9m6vJv+41cVaW5HmMuYT/AB1ZtzhTg596Bo7DVfHdxdSvbIVjTozrXPCViXZpnYHpuPWoTArw7wVGOpq3YWc2sSrBHCXcfd21rCmZVNis5zydh9zWxonhO/12N5o0FvBGMvJP8uR/sD+Ouv0jwdb6LbCS7zcXUvCxKPlQ/wC1TPEGs3d9P5l18qhFjjESfJ8n9z/gNbxja9zDn5SXw/4b0zSsN5Q1G6CeZH9s+RX/AOAdPzq/f+Kpp18yQSKsnzoypuSP5v4NlcbqPjez0GGSa7u0j8sYSMvXnniX9o+0tt0Fhv8AP378qPkX/YQmrhHlGpt6s+jNGv4pTLliclEeMj+H+/Wi3kXR8nrLJJ5kchevhG5/aF8Q3tzPKb5oMv8Au41j2Ki12fw6/aJ1HTA4v5Uu53fqDkpVmkfeO0+Pnw1Or3E1yUkuJY43j/1HzJ+8r5nvfCt7p4OLBraMfJ5joDv/ACr6+0b4u6T44UR3M0aAv5ZAby/+B815x8U7KyvrRtQiYJDGdnmCTfvqZamnKfOUczxKYD1DYqrql1vDwnkVNqOyOeaQN0biqEkYmBlByT6018IrFeOLP16U5j5R9xQz+X9adHH55rzq+pdM+3fgp8Q4rbwh4ekimP8AoqoH8w/cave7bVzqn7wnIl5Qx18wfBX4MeL9K8MX11rNi2m6bcBHtfPOGf8A29n8C/79emeBdVvtI1aWzld54kbAx/BXg1fdkepSjdHs01+QAp69P9quT8WWQ1YPD+7OR5fmH+Gub8b/ABIs/D9xFaPcM11L99EP3aZpXxB02+MsAlQlVV/Mz9+plTc1c7IrlZveCF/sGY2M0hNq65TngN/drX1y3TyWZAQucYz0NYMEsN9E8sLbnT94o/2q2dN1Ianp8iyj9+PlYf7deJiaVj38LU2Rb+HmqLo/ia18hS28qePpX1XZ6tNqvhecodsnksOa+R9DvY/D+pLeugZIW28/SvY7L42abHpciD5D93H/AAGooVuTQWLoe0dx/gr4i3N1dSwzsRPE+1wRjivUPDWvJc3cm4nD8j5u9fJQ8brYeKVvIvljuXRXG7vXv3g7WEeRZQfk5YcZ4r04V2zxqmDsezNdiO3838a+YPjTbf2t46uZ4TlViRPMr2jU/GMotJlh8vlNlePeIo3uJ3dsEv8AfNKvV5kkLB0/ZVbs5nSrCW81a1t2fKM36V3mqWIsbKWFDwvQ1ymhlF1SMqfmjG2u11GEzWeT1xzXkTjc9mfcw/B0JnnnUnkHIrsrhWhDDPBFcr4WhNrqhT+9XX3q+fGSOxxWkI2PPqHP3kZliwKpPpnmR4AGfpWwYxnae1SW6qZMY4r0KfwnBI5z/hHEdXaQ5bHSp7azWwgyV9q3Z4442ds1kXF75asWXKdq7qO5w1JGTdTEXGVOOKx9UkZjkvV+9vN0mRHwayL93lXhOteg6RyxepE0QWHepyfWqFyGmXaevvV8K0NqobnNMukUFSBjIqPZHVzHAeK5F0y2klHVRXzF8SNfmnkkZVJDGvqvxbpJvLaROz14P4r8Gws7xsvI9qqL5RJnha+IDcaVDZTwf6oscn+89VLWLzpzBDB500j/ALv+DfXrKfCqzueQ/P0rvPAfwv0/SGEx/fTZ4k/uU3JEWfck+B/gu78KJ9uum8vztkhji/g/+zrs9cmm1eRoss3mlev8bVfnARAinAHpUvhLTf7V1zT4evzpJ+lcNSaXQ66b6HT69pTaPfaOkaY3wpLJH/tfdr0n49tt+GXhPPBz/UVy/wAc1XS/F2lwoNuLJCceu96sftEah5XgXwXbhufs7NiuLmuzoqxtOJ48rMzyZ7JV23mWLy8nqlYNjMxK7jw6VprPGpOSPkStHTbOpPQ7rw742XQbO5i3Ym2b0l/uV5/qeuXPiPxBKiSGSVyqeZ/f31z2v+IDbqwGeRz/ALtehfAPwzLf3dxr88YNnBhY1cf6xh0xSjRlJ6EykoK50fjTQ7rw/pGi6BYr+5gZjPJJ/G38G9q8k8ZX58zylyfLGK9w+IjyPZLNmQfO2ZK+f/EqTTSM0ZLZ7mvoaFLkSufP4mbqPQyPCEkVz4qs/wC0f+PS2k8x/L/j3p/9nXqfjjS0sNPktvDF3HrcV02Xtpfl+zt/A/8A7JXmXhbSNTsY5WTTZbrLh/MjdFrRDeJbO4l8i2Wyz/y0+0f+yCus546Iz9S8HXXgSV5LuIP9sZrp47d93m7v7lQRfE3Q7Q41HTZYbxHjRHldH2f8B/hqxq6+I9X4ub9Ygn3JFDSMtcjd/CiKaQXFzqUlzI0mZH8vG+gFUgSX+tw67PJqhnEsTyCRI5Pl6Vy+ozw6nd5Egkm/55x10T+GbexbYPMMQ/5ZyN8tefeKNOW4vi0LvaFPuSR/u6mMeW5E5RkabW7QZ3q2fyp8brIMFFPuRzVPS9Wu4YhFqGLqMdJFHzAVvW1lBfR+ZAVkXvngj8K3g1Y5eWxj3djKE3W54qnEvl585Nj/AN81uXVu0Q/dtgj+9TY7RLqL5xvk9aXMrhaxmQSFAWQhx7VPDIbgHcv4Hiny+HZEYvESjDstRK80I2Tx7mHQ45qmjNotQRfKfL+Qj1q1b3jwjbMmR64qhaq7AsJeP7p61dhvV27JEOB61m7lxia1iIppS6SlT/u8VNJLMh/1ckq+o4FZ8MMcn7y3OG9n/pWjaXbwxET+YnuORWSckxuJ3HgSKNtOnmb5XMhqxeyh4JCOTTPDSqumyspwuWOKahWRD6EUo/xDakeP2MN/4inaL95n+Py/9XXqfw5+EGimCS81/VLdruP7kTo7bP8AbrS0zQrHTQIbO2Kon33H8dbFvbZztEmDXVuNEMNlFbzstnhrZOEfGM1fhRpHBkXJPrU8UKJCCTjb/CKydX8TQWIJCmSXsgrL2Z0I2biVLOEksEUdzXIav4tZi0VoPYyf4VQur281pi0jFIuydhVNohHwo/4FS9mWyJkklYySsXY+p5pGZjwgwfQVLErhvb1NTlkUDA59TR7MxZVjWTnI69aWEYZhx171azxnFJPJHpUEt9JIkcSL85f+L/ZrSnHczUuU29B8Hy66pkeaO2to03u7/wAX+5Xc6dc22gweRYRCMSJsaWRvmZv7++vK9E+JNshnvr9g8ezCRg7VVK4f4jftMzywPbaJaxqu/AuMYdf931reLKacup6n4k+LOkeHbdhdOGnRvMWNnzz/AHxXjfjf9pa4uWni0uJVWTjc53un+6K8i1bxHe608011M01yw+/I1YYHc/e9a6FYycUaur+JrvU5ZnuLt5rgn78g/lWUZmkILPn5aCA3UZphUAccVHNcLCxOCpzzU8FwUfIJB9RVdEAU0ijBPNYtj1Og0nxdNYlfKaSL/WfvCfmqbVPHmpahZxWrSM0SLt5eubPNQhR2FO5fPYSeZpc57+9Ku7ywOcU3aT2q1Yafc6vcRW1qHllkdURI/wC9RKXKrFwXMXPA/gjUviDrljoui2rXd7fyBo4oRnH+27/wpX6Hfs7fsaaB8HLW31rX4LfxD4waNGMjLuitR/cRP7/+3711H7Jn7MOm/ATws2oXsSXXijUI0a9uSP8AUr98QrXqmr3SSRTFEIHvXzuIxFpWiehCjyq55r461yS7leGVGOcK+0jivKbjxSNPuozIvmRl9jmMcrXpuv23mW9w5+Qk15tq+ig2zyH1zzXmTm5anoUYHm3xK0k+JHnu0HnXKYdJf/ZK5Tw9pV8iiSWVopg2PLFfSOk+E7R/DERAyztvf/apum+ALW5Jk8pMp/HXE8XOOh7lPDRlG7PO/D/ie5sA0KMTjhs133wpvJ7+bV5rlkEexVSNz8zSb23vV2PwDbQ/uggOX3ZrTXQ4LTy5FXEqfJvSuOpWc9zrp0lB6BqWGt2Xr81YlxwhAPfpWvcxbtw3E/Ws2WHCH61yKJ2NXOW1YPcqESR85x8jYNfRfwheYeHrZZpWwqbD82WrwK4strDAUsXyOK98+GAMOjReYEAdf4Rk161P4DzsQdzIy+Uw3Z5rndX5RuetbbBShxmsnUodyHHWizPJ+CRy2nqsGpq5PG6vRpxus9q8kpmvM7yFknXbkYbJxXo2gv52nRu+T8m2smdLn7pQ0AFtWBYY966W7fygQB3rMtIFTUAUGK07hMg7utawpuUbnBOZnYLOTT4RsQnvTo0+c5p7ALGa6aaMn8BFdT/If3fb0rLvGzbN+7H5VPf38MaHJQcd2rCv9aiW2YZT/vqu+ieVU3M+4bDDAqncuNo7VRvtdVRkY/OsG/8AE23OO1ej7RGSOgnLOEA59qaIHkDDHzCszSdeSUxO3INbB1BLUvcHlDV7wNShe6b5tq5c4KivIPEmkie7llXkKcV6Lq3isSPLEh4Ydq4yQmRZQeSxrmaKRzNvpojkyq5xXQaWrw27gjGabZwCGQ7h+dW7i7jit2AA5rmkWoXInlLDA5NenfATw3LqusPdtBlojs57AV5loFu99dpEnzvMwUD+4TX1z8FPA39kaSZZBt2DaSf43/vVyT10OqmuWzPDvjpced8SdgO5YY0gf2bAY/zNcN8SPGP/AAkv2G2JzBYr5SDNbHxcuJp/Huu3Wf8Als5z/wADz/7JXjl/qhYXB9XMlYRVmdj/AHjuay6tDGVXOMcVl6r4nVAfLyoPyVzhvftpPOP+udakeh2emaZDqevy/ZbGOTzIwOt1/wBM810q7NbcsXLsW9DsrnXZmvNQkFrYQHzHkk4Qp/cz3r3PwX4qt7mwt7PTFEGmxIIxg/fX/npXy94w8Qj4iyC3sreXTdMtkUW9uZMBJPv7m/v16n8JdftvLNuy5wqDzR13f7de7hcHJe9I8etiVJWTPetatZL3QrhWO7Z8+W/iryK8S0RpVeAGaP5gi9K9b02QX8b28knlRBSqu3Rq8F+IlzcaTqN3CzmASHYHXqa9Coux5jdzcu79rOF5IrFmjA52Mf61wGpfEq1jd4xayRyA8/Ptrn7gfaFYSX878dPOY1zs1pbwl22NKfWTI/nXNaoI6y/+IjY4jiH1bNcpq3xAunOI3Vf91ayrl0J+WID2NRb4gPmVOO1XqY+zHzeIrq/iZpJH344Aqtowku3YsWLk9zT3ljIZkwPpUuhzAOzAHdmjnDksX5NLSFR8vP0qiyyLFIIyR9Dith7lphgjpVGRUWKTccGiAWKsV7cpHvuD5gA2/P8AMwpbVVu34JkSL5uPlcVCJ40GB85X+52q1BKsDmTiSRuxpPczLEdzKPmG5U9+tXY5EvUIKjP94jmoF1GKfiaMRsf4h0qYaY0nzxPtH97tT5wKbaS+S8WXHt1rO1GZrWGbeuw7ePWt+K5ktZvLdS3HDpWjaaDF4mM0MpVlK/wferKrUVOHOzakvae4eOXep3NuPNM7RyR/OmTXf6D4il1PTYJbl7diU5kz89c943+Heo6NcR2ojNzDJJ8lx5fyP/8AEVreDNIfSdJFjOolMT7/ADBXNSxUKux0Tw0oI9W8OTCLR3y+VkHy0+2ugFZSfmXrUFlNHHo8I/hH3ajtXDyuP4m612cnU5f4Z6XNYR28xA431IPIQdJAI/vyH7tO1XxHYQwuf3fy9Mv8zV5/q+qXeqSlhL5FqOiD+Kmm0C0NjX/EsIjeKyHmE8FxXLQqkjGSWTzZSc7acsH7oiM7c9TUAt9g+XIb1roOksyykYxwP7opm8zdRzQkJPXrUqwmPr0oLYLGQOad9k3DJ6UFiDxT1Zj0OMUGLHQfKSH8uKMfxvXkvxj8bxteT6VZTJJZ2z5kZf4n9K7Hx94kXQdImlz9mnkGyM+uf4q+bNZvGuJyzPuYH52J++aS0RjFXepojXp54ghuWZVXpWelwksjM3ODVKwuARKTjGMCpLeWEIQeppxNB8zRktheTVZyMccCpHKnOOlQMc10FBQeKQGgnigdkAOBTckGlpDUMq2gtFFIelZHN1ItsmJMV9vfsAfspwahBb+PPEVqBao+NLtmXImc9bnH9z+5/frxv9jv9mu5+Nfi5b29gZfCtjIhvJ2GwyN9/wAtP72+v09sdJstB0u2sdMt47W2tERIoYxiNEQ/In1rzMZX920D08Py31J724EJdUw2Rzj1rkNTutreWTt5ya05b7M5Uttrm9ZYxPI5+bFeE4tu56LOT8UPGqeWGILnpXnmtXMdraSuzF4ydpx2rqfHWox/Zi7bk2oTuHY1w2jaDd6tDHNOW8hvmVT/AB1hN2OmhDnZ6H4U8qfw3bZByy8VraOqJIYiMKBVPSFEFrDCse1UXpiraKQ5dVxkV5k+Vs+iprljYtXcaxuSqnpWZIMqQQetXkuXz8y5+tJMDIOFrnaRrDcxJYwT0NUZoPlatuaLnkc1TngOw8VSNnMw7WyWSVGY8hya9v8AB1oIdMiVRjC5rxGdJIJQVz0JxXt/gi4N1peO6qn8q9Kn0PIxLOhi5yDzVe9iBFWApDH8qbOPl5roseR7Q5a7tVMjkitDQNXW1kaGUnyW4HtU0qRyS+XjBIrH1OzCQYThs1zTia891Y9AjtVXZKhzt9O4qS+uAyEjrWV4KvmudKZJTmSEbTnuKleXddCPPBr0KC/dWOSZLBNwN69Kg1HVIrZvu8VR1C4eKdkEnSsS+uwYSzSUJWM29DlPG+twzXDWglxn50/2K808SfFqw8Mma0juvtFxG/lyOv8A4/XB/Hbx1d2+vSfY5vKzKsEcmz/b+/Xi+qeIJvt0ryeZJsOyTzH++tddKNzgqaH0lofjW+8SY2jMR+d5Nn/j1el+HfBsniQCE/uh/wA9f79Yf7MHxt+GsGl2NldG3spsCPy7g7vmr6h0fR/DXiGE3Gk6hCrNJ5ilXQI4/uVtJ2JgcBafs0MunCa11DM4T5Iq898S+H9U8IQXsV9A5YJgZGUNfU+jt/wjgkh1C8i8kfck/wCB1k/FHwdZ+LLZEZ1jllVpC/XcP9iojOUSmj4k0+TeDKQxP+1Uct4xvU2x/Ka6TxVp8nhXV72xlQStG5AAFcnNfBnBaIwmpcrmkSzPcMrEgcmqVzE8k8SjIHekubxYnjLH71S2t6vnEZ57Vhqz2cNgvae+e1fAvwbayX1tLcMTIx2uI+57mvrREtrGweKJQiIMACvjbwD8SNO8FulzdTkgAhYgMOT9KxviP+1Rq/iV7fTLBo7LT2MYk2H5pE/6aH+BPnosdFbBuKTRgfErUTLqms3eSYZrhjH/AN9n/GvGLCG88Q6m1nZQ+fMZPL/eyfIn/TR3/gT/AH67/X9Y+1WDefwGZz/WvHfij8VPL0Q6D4X+WzMnmahfj5Hup/7v+5vrCNO7ON3pndax4j8JfB+zne7kTxP4lb5I7e2J8qKT/bb+PH9O9eWab4h1D4qeIft+tXTeQD+6t40xGif3EFcRb6PfeLLmCOQ72PJlPOw19B/DD4eLdx2ywr5EQG1rn++39zZXu4XCNLmZ5eIxjXuxL1g0VvCAsSAKoVVaPP6V1vhLwZf6jdJPHZum5g2S2N30Wuw8P+FNM0OET2xjdlbDBzvLfSti41MxRsY90aMucxL86171PSJ499bmloFpc2UYW8dW3tnzv4I/9nNR6j4M0vXLyb7Syuj8AOcFf930rmJfEUgjmljm4Q4kVPmcf8A/rU0Ov+eiy4DOo+XnPHq3pWliyvq3wE8PziYw3jp6eWwbZ/33XgvxS8JTeA9Skti+YD+8jlA5kX1r6ctGaUbupYAnFeMftMvD/YlnJMPKni3on+38tZTirXGj59uNWAyWzk1Siv2lEuI5C/b5KjgYrOOMgf8APSvSfBsXhdYZTr2sPJ5lyqPHGnzeXs3b0/8AQK4XZlHmf9okDByPWuh0N4dqMd/NO8aadZKUNmWaKR28uRv41/3Kr6SxW3QZ5FRflDY6aN4CeM9acVtm4MZaspWdTnHFXrbUHQZWMPinc5+cgv8Awu0mZrZNo61z1xZ3VrMS+a69PFDhTEy4zSSxJfJuxkmj4yTkI52Xh5M47GrFt4kuLOTYG3RjsaZqunIxIxsb2qpb6V5q7XY49azcWgOysdWt9VjAjISXuDVG08Xt4J1omX97A6xiUfxKP79ULSyjsvmgkdW9VNUfGmgXlvFb3ufPFwN7ybPu/wC/XDimuTll1OvDRfPdHs1xqdh4itIby1uN8ZUsZR0X2avPNM1y1udfvbSIgooyzDvXmtp4svbLzYobjyEdNrKv+rf61L4IvZI9YkkGHyMZHeuLC0VS989KvVb9w9putTVLJEjwQOmKrWF8fOJy2fasaPVdseyQLn0qzYThpNw3Y9q9lVGzy6kbnp39namw3Msjs3Akas+70LULc7rlGVOox3r2LX/FOm+Hbd4TBG02OEbvXlGqeIbzXrli7okAPyqh+7VQ5gnT5GZgGOBkCpFiDVG/yE8596jNwRwK6oF30LG3bSlu1RR7zgnvVqMoB8w5rQog6U7OD70y4mAyQOK4r4nfEGLw1pMttEf9Ou02eYP+WUf9/wD9koEzz/4w+IxrOrNDBN5sFqm1NnTf/H+uK8unywJIxnJq7dTnJ5O5u5rNeQuTg5FCRjB9BkR2AjpSbtpqMNg0SnatBtoXIpAymoX+91qC3l+XmpkOWq0wE3Ed6XefWm0ZoDQmopCcDPajP4/SkWLXrf7L37NusfHnxYbYmS00Kz2SXl+i/vEVv+Waf7belc7+z/8AADXPjr4ri0nRImhtomJutRuVzDbL/ef/AG/7ifxvX6vfCH4Q6H8HPA1poehwmCO2IcyyNta4Z/vM5ry8RiEvdgXTpc2rLHw9+HuifC3wlY6BoVoLTTrRP3WWwzOfvySP/ff79Ta5qSwp5cR4H38d/etDUXMYnBYcnOQa868Sak0ck0UZMYC/fP8AEa8WbcndnfCCRcN9GzFgScetYPiHXPLsy3+3zXlniX4ly6TfyxZeK1Dxo/zf8s/79Y2p/FWPUkxBMjZ/5Z5/z/fqTYyfid4+igVkWfc5+6leh+B/EEXiTwzolxEYzmBE8v8AuOny18XfFvx15mrqok6Ph8fw17V+yn4uudTgu7CcPFaxRpdW8cn8Dv8AfX+tcNeLPRwbvI+nLUAgDHXjNSf6two5qlDP5cSvnqe9aqRCWMSV5UoHvJERiLc0qrxipjGFyM1A2FPWsUrFRM+6jZHyDVOZ9vfNasqLIOvNZ81kSetaxYWMaXCP5j/cGR+de0eDYimkJJGPlkC814ncRsbhom+4Wr3XwYB/wj1qFHAFehS6HmYnY0TuViTUE0vI5qxeOACRWRNOeSK6jxGicrGXJY/N3xVPUEVsFTxUsAwSW53VBekIg/Sk4oq9tjS8OkpaSMOAOpqCS5dbxwG+ZulM0S8IjmhPCkVVuoHNwsqNgqeK0g1EduYp6jm4iEkZ/wBLC+X5cn8H+29YlzrQu7WcIjR7H/jT7jVPrF0YHeeI/vmfy38yuL17xQ0Sv+9GnwpJny5Pm86t4WmYSjY+dP2g9Sig8QRTE52RCQ/8DcV4D4k8XwvvMMcc0hf/AFcqfer3b4zIut6rJqQ+eG5Hl+XINuyvALrTBLezRyLysnmeZJ/FXoU4XOKqrE0OqJNptvPb5SOX944XjY1dP4W+MPifwVKsmn6zcwgSbwokJj/4HXF2tskcH2aGUYQ8gVQ1K7mCvDFjJ+TitXAwPorQP2zvHlvqMM13q8ssMbq8kb8K/wDsf8Dr6S0P9pfUPidqGlw26yW9ppwkD3AP+t3vvT/vhfkr8+tJs31gQwmHPmSIj19U+AtNh8KaHCiSPJIQC83vWM0kUj0bxZr7arqd1KXLEybOfnrlbiTyMSz9B871r6FbjUjMRx3/AN+uS+ImoWem3At7uz86OePc/lXGxwPnwN7o+yud2PQw8ObdmFrvid7/AFGQocQj5I8fx1DaeIJwAQxyPep7PSfDmvW0v9hazPZX5+QadrWxPP8A9y5RNmP98p/v1zeq2l5pVw9vcI1pNG21kcYIPoferhBM+npSjRgrs25vEE7k7mP4mtb4U/tA+EvC/iTxXonifws2sW9ztgjvnHmbGT+HY/8ABv2f98V5Hres3F5dTabo7efe+W0kkv8AAip99f8Af+SvMNWvp5/Ed3dRTc/aWdPxcf4U5U77Hl4nHc6tA+6fhlFZXvxG0GDU7OPUNNmvBZyW0v3X8yN0Gf8AgTp+VWP2hv2d734o+JG1nRfDC6Ro1tCsAtdLVfNeVI38tnRPuI/3d1eG+O/Hl14cv/hrrNu+3TbqztNTLbORMjBJk/8AHAah1n4u+Pvhx8SvEOm+GvE9/FDfXckkflnem1/n3Pv+58klY8rTOD2qmtT1zV/2LvEPgLT/APhJru0S4hH7uSxQfOn7x9n+/W74a0u+0yyt5bmBLXzDlLWIfIlYOhftpXkkVvo2seIbnX71oxGbmJf3ULf7Cfx/71P8afEsNaLNDdlph+8TyxhN33//AGevosM7Q1PBrR97Q7WTxFAsatK6oFPIfiuf1Lxmizq0LMyu20qp4rwLxb8XJNQhMVwfKmcbw68CuAuviXembyhPIyAbg0Zrr5jDlZ9MazqssZeaC4+9J+8jzsdK5628cm1ux5k5J8yJ9y8Sx/f6j+KvI/D3xSvHEiXM7zKP4JhWlNfi7v5mg7xp5cUv8bVrB8xaTPpzwN8QZblVgmljbytkf7v+DfXDftNCztn0J7ufdCJHkk/26xvAjyaY6xXN2FygMnmf3v7q1D+15ALzwd4avlPlQRSMZz/6BH/45UVdgPILy/05mJTOO1VheQBMoTXmL6kxziV6ki1KXysCZs9K5eWxaPQjqG1m2kjdxThPdxwKIRuJrkdP1lomjWVd3HU10tpf/ao1KSbOelYima9jeasdqvEuw1vWzTKBvBXPXFYOnag8bbSDk9zXU6ddKF6qzH+9UHLcqzQRRDzcsx+laWiXMVydvmlPY08nfnds59KiGmxl90bbW9VoC5ZudBEkzs0ZeM/xg1nnw7KkEjQK8i/XpWlb6pNpp2yp5sfrmp/7VdzmAKFb+EGrGc0wGmwt53BVN59q9I+Hr2vi3S7q7mtYzBL/AKK8RTf/AAfceuB8Y2r6jp0/2WE+d5eOP4q4jwZ48vvh/LJJYTHyZU2zW7nCyH0PvXzmYuTVoo9PCr3kdr40+CoOotLpTqtpJJ88bj5oqjtvB9j4Rt4t2W+f55MV2XhTx+vifT2u3miXa/7yOM/OleY/Enx6l7M1lZAmJJPv/wB+uDCzqKUYs9CrGL1Ny8toLpiYxleqtWfYXl5Z3LbczAfwir8tzGbKAJ8mY1J/Ko9Hult7suq5x1zX1sEeTM9Ue2LuxdWYgnq2aSOHYSBGRn3FTByzuPc0scRJrqhDQT98qshyeKRYskcVaMQzR5YHNKzMxsh8sJTI8Slh0omO8rUQbygxPSrGZnibV7bQNGuLq4fBHyxqOrt6Cvl/xf4hfXdVzI5kMo8tv9mun+KPjmbXr+eOKcraw7ligz1P98159p9q95fRM3VetWabmpqNv5RhT0Ss3zPKVwcdK29TbzJif7q4rF8vzYi3egw5OUqKec0OSccZpHyowKWMZFKc7FCEbelSRNjk0kmAKYrc1j7QCViM00Nk9aTPNNIxR7QRYBHHrXYfBb4Q618Z/GEOgaPblot4lnutm5bRP77N/Bxz/wCgfx1S+Evw8v8A4o+OtL8OWEvlSXcqh32bvKVfnd6/WH4TfC3w58H/AAzBoWhQCKO3Aa6lYfvLuT/lo7t/t7K469ZpWR00IOcrF74J/CPw/wDBTwhBpOiWYQKAZpyMSXT93Y9q7e4v8KcrjPvWNDrqPgIu079gI/iqnq2rm2hPb2ryufm3PT5VDRFPW9UxLNhjgDFea6/qiG5mWRjheau+IPEx3Sxq43NXlXjbxW9nHK7OASQM1LRsnE5DxtYQarqUktzLuiMflvHv27q8w1xtG0A3M1u5WYP8kfmVH4y+JI851W4kI/viT92K8J8Ra/LqWozYuHIJ7VpGlciU0tIlTxJejWtVkuMv5kp3oj19zfB7wJH4O8MWCMglvGCzSvjr8n+rr4L8osQ5JLJ3r7j/AGcPiIfGvgCyiuH3ajpe20nyeXUfcb/vj5P+AVy4yChFM7cC7ydz2uF/NswvcVv6XIZbIj0Fclpsh+zxA89ia6nR28uN1/KvAlM+niW0TcCMVHJb7cnHFXbZS5JxSXByduK4+Zl2Mnyz5nTipnjVlxjmrLRkHpSCMk9KtMRg3VgpnU/nXrngiMHSIlz1TpXm1zASXOORXongeQi0t1PdK7qUzzsVG8CW8DxRylvWs6N1Ktk81qakGaFweu6saQrA2DxkV6MNTwGXYpkTYMZ45qrdbZFcd88UsMqMOKjlBAJxyTxVOJMXbczZL97OU9lHBqG/1YeSpjflu1Q6rkhgeneuX1G9GAImI29K46jaOhK+xW8Z+IPs1wkKxhWQhjKWzn8K8n8ReLHmtmhleG6bzHw7nY6Z9K7KbVp2uppZmjljQco6by2PSq2q+ENF8ZW8U9jFHFdEb3hxhga6KVSxMoM+cfFWu3dzP5SyOsSlvmkbc1cLq9g8qkqwcNt5zzX0H4h+GDQTtGml72P8Wa4LW/AM1orbdKlR1/ijO6vQp4u2hxVKM2eN2dmzJJJFHh2bbzWvpfgdtTuoUnlWJJG3F1PSunl8LzPbu9vbvuU5aPvTNF0u6tbkKYHRd2Pn7V3Rr8xj9Xa3PSPCnhO28Nw25gtg+45zJ9567vTidQEIGZRJ/GPu/wC7XOeCp557VhHPbnbufy5T/En9yur0tLm0VRPDEIrhY5E/2G/vpXLVnqJwsd9oOhw2VqLu8+0iCT92/kx8Q/76fx1w3xp0mGV7BtCit/Gpsbd3u9MtrprfUIV3b0Z7d97On3/nTf8A7ddRa+I4dLgiup7kzwH5LiX7m+D/AOwSvjz4l65dW/j+/vI9SufKe73i4ik2T2Z8xNro339mxE/zsqU7lwbizpjqnh3xKhbwJrUukalIcNoHi8LHJu/uW10v7l3/AICj7HeufsfiBc+IL0+F/GEj+HfIzGuoSKzPpziT7tzH994N/wB8J86ffSmrrkXxM1C7s9bWODxFtYJqAAWPVU/jWYL8gmKfOjH777Ef7yOeQvr4a5pD/b5d1/pCELMz5kNtu2eW3+5/t/wfJ/BXVTVzepXbSR9Afs//AAB1PQ4/iDqWtQR3cVnpM4tLq2nW4iuZJMBnR0+X5Of+B/fr5mt2DXpPqXP/AI9mvtD9l3XII/2cPEzx71jltLh7tWYgSMY9nmbR/Ft+SviONv8ASM/7TfzrqjFHnM9m8Q+dr/7N/hfVfvP4c1q50c/7MMyKyf8AfDxGsHxx4zOoSw3k6/Zb2W2it5PM+++xdjt/sb9lcxb+PL3SfDz+Ht3+hNcpqUg/jdkj2I3l/wBysQ3h1E7ribfEeY80o0rtkyqcqNTQ9Se2ukmGcA5610er/EKeS2WJSeOOtcgHS2g4IqqswlGc55rtprlPOlNtlm/1W4v2BJzgVT2TYyCV+lBH2k46eZ+7EUf3nr3H4R/s5Jrlpb6nr4ksLT/lnbbJFc/7/wDcrqiuY0hdnnvgXw9PdzfPE5U8h91ep6b4XlWMmKETvkB9qfN+de76L8HtDtFMdsiQseUSR6W48CJpME8gkIQ8FUTj86qKsa2PHtC0wpqUAmhIxJ5cg8z/AFb7q9W8XeEYvHfgPU9FmkVpmV3tJCM/Mh3J/wB9H5a5VrOVdVjhmlHk5+TzI/mr0LRYvICDZu342eZ/BWktRH5431nJp97NbSAq8TnIl+8mf4K0dG0r7YSTkD0r1f8AaN8FQ6P8RL+a3SRILwLdRgDjzG++n61w+lJ9nDjbtrz22mxoD4dVkzuwRVNI59Pl4JCit+JZH5DfnViOyW6ypXJrK42hmmX63SDcSxrds5uitkL61zlxodzY/vIPlA5xU1nq0sfyyjDCg5+Q7GB5YU3DLJ71e0/Ug74+6KxdN1aKZdjvz6VoxJFG+8SA99tMOQ2vMW5RlZAFz94UwaStszSW7mRsZ2t0plhqFsY2V+DmtS0wHZlPmrjoKogseFLhHu/s0i+U4Te7N0f6VxfxO+GH2fzdT0yLdZl8tAB80fuKpeMfFUujeM4poOPse1P96u4s/H1nr+mhUmWPcMSRN2rwMVGTm2eth7M8ChJsJZVt5yn8EgHG+rGnaS18+7JYZz5n92u68UeD7S5uGutPkEJlfLxj7hH95Kq2UNtplgI06RDk/wDPQ1z0pJM1kmtyebJhGXzgAVLph+dsHPFUk1aO+hfaoHPaptOuBHM/0r3qbnyHl1D28RKmcGkEu0GniEjqaTYMGvTsakTS5Q+tQl22YxxVjywENIHRY+aLBYrfWsPxrqY0Xw3e3jP5YjjOD74OK6Hzk54FeSftEeJvJs7HTIW+aVfOnjH9z+D+lFgPCb2Tzrt5O/I/OrXhgf6RMc+tUc7gxPrWhoA8uJ2PBJpjLF6/7yQ+1ZwI8lwO1T3k/MnPeqUbcOKa0ERsnAPtSxNtDinv/qHPoKrjO4j2qJK4Edzkio4s7hmp51ytRRrg+lZcoaE4HFOx5vydN/y0wda0NBsZNT1qzt/KeTfMibE/3qyloYwV2z7g/wCCf3wki8O6RdeMLlsXOqH7Lp29fnW3R/mYf79fVfiPUhbsEi/dxqP/AECvMv2ftZgu7WKzRFt47RPJigX7sCJ91P8A2aux8V33/Evnl8vBSMhf9pPn314WJqvmse9h6aUbk/gzXLa71JZJHz8uIo/9up/El7uiMmOp24r5l0L4njwdq8F1eXLvI7u72qfvPIRv/ZK7jxJ8fdAbSXnW+RAV+SP+PfXPB6lVCxrx/wBKlMn7uRfuj1r51+O/iFrbTpVZzGD0x6//AKq2fEv7QdiTNKji7kT7p+6DXzr8QfipdeLbuZprYeQfu7Dmu6FNyZyyqraxy17qcl3vBdjz3qhHG2WPWmxzEn7hFWYSWRuMV6UYJHLz3Iq+kf2Pre6sLDxHdf8ALKSSO2/3mVd3/s9fNx+8R3r3P9ln4hxWNxqPhyWXy4ppPttm8n8bfxp/47Xl4+nzxdj08DU98+w9LLNAmCOtbmnySxOTuyBzXLaXdp9nXaeiity0EkmWDdRXyM1aJ9nDVHZaddAYPZqnniDvuFYWnTYiKE4b+tbNlcCVMHrWETYlht8ofrStDtZvpViJsRt9aZI+S+PStCWtTKn2s7emK6rwZdB0jTd8ynFclcRERysTzU3g3UGh1YIW+U81rB2OSuro9F1KIB2J6elc3qC7354GK6O4zcrkVhav+7iJHUV6lDU+al8ZWs3XGB2qacysDjkdqzrW7jQbc4LVdS4J5ByFraQuplX435Eg+tcpqdoq7igGK7C/dWJ3D71c1qUYkIC8YrmkrmsTzXXbI3DumwK5PHoa5uK2lsZmlhlaG5jfoK9K1SyQBnCfP6muYudNCK+48u+d3pUHQvfKVp8VbqzMlpfWkOpRnjdjDCrtn4y8K3ZCXdvJZk9pvnWuS1OwCXMgUKc96wbqwWNgSSG9qEKfuHo/iRvCJgi8i4ghz8/7iHG+vMtcj0641Bpoo/L2P/rP7/8AvpUTDIbkkiqRwTjGeeldtKbSORu51ekaM5sIZZbYeZvOySOPZ8tasNrNa/emd4v4ULZrH0rULrSYEUTZif8Agk+bbVibXPOMhLZ2J82zha6FeRi0ecfHzxXfWWix20IIiLmOST++teKm7N95NwxjuJy7QGNOd/8AArN/wCvVP2g9Xs28P2tuDmdm3HH92vF7S9WO3cg8vKknm/7Kb99dtGHMmefUmrklx8mqAiaVTD+7jxJ02fcb/wAdDf5SugnvE1O9i1eMxLFqlrcx3kSLhUmRHZvor7VYfhXL3d2lxIzKnlZrT8M3sVvpOvpN85WFHVO+N2x8f8BkP51soOLM41OY9z/Z/wDGg074O/EG3um4ezdNp+Te5RP6PXz2zQSOTApGUzJ/sfvNlTReIbj+yDpqE29n99/KP+vf++9XPDvhD/hL/CupzC8EP9mPFJJGJNjPE6fO3/fddUI8xV7lPTbm8/s7ycxG0ifEkd1Hv2D/AGJPvJSXtzbOsiwQCHyn4xS6lqUMoNvbn/Rx+76/6ys+xgl1C5jggXAPyeYfuJWvK0c0nfQcZvMXnp6YrqdF+Gmo6hbfa7uX+ydJ++klx8rv/uJXR6YNB+GlvJuMWsatIm/zB8yxf7lZxvtW8e387EM1nHJxcOfliT3/AL1aI53EmtfE1lpF3FY+D9HT+0H+Vr6Uee0r/wB4f3P46+ofh18SLzQtOtbbU9Qe5u/3X7y4G7/P9yvmj/hJNJ8BpNZ+Hrk3F4R5b6jJ96T/AKZp/sVnaX4uvHdnluZOduz+8tb03YuKsfd0vxIsNQHnSWNvMf4GJIcVLD4s0SblbN1ynzhGyGavlbw9rM8tw3l6iW+7+7Jr0/R9Ut8iKO9kJ/55xpu/4HVX1NLnp994N0vxI0dzZXLRPvysbfcB/wA+tWYPB17Zl/LIn2/jXL6brUMVqohuSfu9a7CPxkYxjzM5+dPLP8NVdlHi/wC0V8OrzVtFt76G3zcac7IUA52v8+//AL7r5/ttAmgz5i193x65DrEE5T59qb8NzvrnNc+F3hzxdbTtJYxrfn545Ifldz9PkBqXS53dE2PjkW/lcdKsWqAHjgnvXrnib4K32ju01uiX9mOd0YO5P96uT/sy1VivlYIOOlctSPJuVuY32GWSHDruz6VmXXhh5AWAxXe2lkyR/JHuX3q29hGYslefSuW5VjyVdHurKXIRlH9+tq2l3IBLK4PriuvutFM6ErGxHpWK9h5DkNET/s07isiqsKLlhJkdh61Y07UZbRWYSfL6ZrJ1G1kj3SKxB7LXONqM8m9FYhx2rXnOdlPXr5tS1K8nd8/MOaqaffNA5ZG7YxUTbkWbemcmoLT5jIAuPf0rnnHmOyk+U7m11e1u7FFZ/JmUZZietczrmtrPbtHaMWC8E+tZ0oUqB5hx3xUW9Ihs2bUPU+tcqw8FqXKdzY8LXuLYrJwxPeuo00/vCSMivP4JAswEcmAD0rqNK1HLCPzPmHWu2OisjjnqfSXmetRtcKAearktJQtkzDJNdntDURrkspAqMK7LnnFXYbVUXnmrKJH5RwKOcDFWA7ZP9uvlf4l+I28QeJ764JkKeYYoB6on3B/7PX1D4t1IaHoup3PTybeSQH3CHH618ja3dma8ZfuZJNUp3AqA5X6tV3SX/wCPkdlrOjPJH92rWkvhpP8AbNaAiG4fBf602JuJPpTr9drsKhjOIpPpWMp2AVpswSD1pUGcH/ZFU1kO0A96to2QcelZKbYheuahk4ZcepqUd6jkHzL9a0uA4V0HgvX5PDPibTNZ8tJJbG689Uf7rfI9YAGalySB3HpUSRilZn1d8CfjavhDwbpBQrc6trV3cXd27P8AdRH2L/441e56n+0LoGs2lvBv6xskuD/n+9X5u8dtyH/eqWPW7+Lf5d06SDo4c15FTCynJs9CFdwVj7MvPE/hka9dvtBe4dHEkg7ba8r8bNp76hdzafKPIY7z5f8Aerwu18Q6g4k8y8klfvvc0+LXLhz8l0/ln+BzThhrfEOVdtbFjxLchHZI2PWseFtw256VNLKJpHZyDzRboil39q7ox5Tz5SbYBRjpS5IBwcUZzQehrUadhigZ5/OpIppbKVZ7d2hmU5DIcc1H3NPA4rnlFS0ZVKs6VS6Po74YftV2wjisfENsbW5iKq13/BIP/ZK+kvCXjbS/EFrHdWFyt1av9yRG+9X5tsoyflyPT1rq/h38Rda+HWprd6fcs1vnMlm5yn5V4WJwXOr0z6fCZqk+WZ+llrOsv3UNaFrcGPtjNePfCn42aX8R7BXtpVhvVH720ZvnT39xXp9lOWyWPH8NfO1KcqTsz6eFWM0mjpbafzFbNSPLiNu9UIWcqR0Penh2jiJPSuS+pV7lK5dm8wN0NZlvdvZXYdDjBrUeVWBLetZWrgKjGPmtkFrnrXhi+TVLGGQHIZefrVPX49okXHWsH4X6lut3tyclfmFdd4itwY0cdT1r1cPJnz1enyVGzzuZjA/PGKvQTM0YIb71O1S1VwDisl5mtlO09K7Dh6mhPc7VO7nb0rFnbzn+XvTHv3c4Y9ahe+SEE0cpp0IdSjAzzn5MVzt+UKY/2a17i/WYMe9ZEyrKTmuZxKhKxzF7ZwujMw5zXO6pDEzNs4wK7G/8pI5FYd643WJYkWRkOOK3pxCo+Y5uckFscZrJmuRbiTzOAg376ZqmpiMn95+FeO+M/HTX4e0tZzHGU5+f7v3vkr0KdI4alXkV7HZeJfi1Z6cGjhmef/dP9a5K8+Ml6+6KOAnP3SSfu152Tu5Jz9afuIIPcdK640F3PNliHI0/Ees3Wu3Xn3Mpkkzs2Z4ArPmuPIRY/wCLr+FPQAfMeWbn8aimt/NBH/LQjZXoxiorQ4JScnqO3F+etTrdYBx08tozj+MOmyqW0phAeU4kq54W0a78TamtnZQ/vpPvy/dt0X+87UONxqfIRrhPYYx+FWtMu5rKC9SCfb9oULJF/fWvoP4Ufs7eHFuFbVLqLWb0SZkgT91HGf7pFe1+Jvhj4A0TRBAnhawknEf7vIw9dEIOOpftvI+BQQo6YA/6adKuadqE+nYmhm52bOv8Ne76vp/w+v8AUp7J9Dgs7iOSKNzb3Dow/v8A7uquo/stW3iKza58F6q0svltKLHUDskf2V/uPVtGqaZ5N4fOnv8A6ZqJ3RJ9y0jfaz/7D1Lrnje61tVhihh0y3t0xHDajCEf4/WqfiX4feI/A94bLVtMls3BeMNKhRCPVX6PWT/ZTA8jr/sUrMLDIL4yhxPnLfxE09bk27q0czt7YrrNJ+Emr68iGG3Cg/xFuKuSfBLWLEsGvLYEfwluRWlhWObsPE1zZiUrIy/9NM4xXYeGfi5d6ZsU3DtjH3ud1c9c/BvxOfONtBHegbXzAwZnX/crnr/T9S0wkXUF1CfM8v54iv8AKgdj3zSPjtPcYE1ymd/yyMM7q7TRvir5v2fIB4xwU2or18j29xgD26Vraf4ju7Bh5UzAehPFArn2Z4C+I0MU13ZyrnY3lo+etd/B4iWYgiTOB9yvg3QfHt3bajJuuirSdlkwa9L0D4xTWjW67wUdGR3eTlvxrWMirn1tb3UV2DnOD8hEn3K47xz8PopTc39hHHjrJFEPl2/3krzLSPjUh8iLzdvl7f3gYSN/9nXsPg/x/a67BHC8kYlCK6uChRvw/gpSipKwHlKzWkZ2wTR3RHGyN+amFuXxxjPOPSuz+IXwt0/L65DY28Cv808Sj7rf36yxpwXGOQPkFedKFnYsy4bRym1R1rJ1fRXgUvjJNdmbKSNMKOajewaWMifv61nYyPIdetkWNTLuRvc4FcRdCNp3VSsZ/vIM17p4l8JRiNDJCGQ/xferzXXvDYLutshI/wCmYwaVhciOFfT5CZMMHwN42ipNG0t9UZoomijduvmcVakW8Llfs4jZPkPvVzTdOWWN1eJjMeAelLn+wWLJ8HNcOZFMLr6K1UJfhZreD8kZx23V6L4a1e5sFFvcvsjPG9hmuseaM7cN50RH3gK1hSMTzez+HeiQ6N89wIdRaP59/wDerkW8JazGf9HsHaQdJB/HXu8+nWWq2fly2iBf+eh+9WR9vu9LudozLaD93H5afcrV07FLU7GSWONflAJ9qj+1F1wFIqe30eRmwzAD61KdKjjB3S/lWBqZ7SOBnmlWaV1wDinyWy7W2yE4p9quyIlgGpiPN/jnrMlj4Tjsw2Gu5U38/wAKfPXza53kk8n1NexftGaubi+023EZi2R7z/wMAfyrx3HFbRGQ7sOafaP+/wADjmmFfmzT7dcS5pzqAT3MJYlutVfuqwrXgQTRv6isudCsjDFZGRnyD5uKkhfaJKkKDnimQx7mf6UATRPvUVIyAiokQp0pVnBz7UXNCRl2rmnK+UzTFbzENCj93W8HoBC2WYjJIzTwo9BzS4OKhY+tMYeT8xIwKcsBB4xT0bNTryKlgVI1PmPmp4gQlNQYlkp6fdo6CsSA4xSFuGpD0FMP3WpWCw3NKrHPWm0o61zOBPsyYDilHByODQuMe9Lx2pcg+Q0dC1698PajFfafctZXNufMDIcb/Y19ffBX45HxXoMKzy77pPvu3evi9huGD9K6XwP40vPCOq209ucxRtl0/vCvMxeFjWj5np4TGzpvkex+kuieKEu0V5Ww3/oVacupPOCVGI0r5o0v4kweLvB+opZ37Wl/JbOihTsaJ/v7x7/JXK/DD9rnUdEijsvEludSsQigX6j97GP9v+B6+YnhJReiPpqOMj9pn1oZvMz71RvbghSKy/Cvjjw/45sludJ1SK8iIyQkv7wf76Vbvkcknt9K4p80HZo9iLjVjeLOk+Gd75GrqhPDHbXqmq4dCvXbxXiXh6c2N/FMDyCDXslrci/iEh6Ou6u/C1rfGeTiad2ZN1ZR+UWPXFcpqVgm5nBrsbsAnZWFqduANuME16nPF7HlOnY4i/jeNhg8Vi3l28e/JzXR6rGwIA6VyeowyZc9qd2yOUrw3eSctio5rsBGw2T9appHvJAPNZGoX32MNuJI+tYuN2RzWIdb1MxhwDzjPXmuC8Q64sMTK5IO3OcVheOfilaaUZVMqb9+0ID81eQ+I/iVe6o8oSVli6BQOa9Clh+py1Ktka3jHxZskjit3LSbua82MQkmnZ/+Wj5apmu3n/fsWMg65qI8xMT1c5r0qdOx5c5ykhCApwOg6Uh9DSqCAPapLaAXM2B/rH+RK35LGBZ0q3n1QiGzh88j/pnvq+bSfQbsy3sEoMMiyf6v+P8Agr3b4N+I/Dnhx1tLTTMTD/X/AGn/AFry/wAf+5XrVx8KNC8VyyXGp2qzwMynzI3dX3f7eyumnDmM2j4Rd/t97duZceeS0kn1avQvAXiWW11aHR9LSKGyL75PNj3O7f3n/wBivpTU/wBlT4eeIbaeLTzLol7HHxcpOzoj/wC2r799ed+CvhPa+BdUvVurwalqQDCOULhEX7nmf79dEaWu4NXPUfhtptsst40cKCdESRJXH3P7nzVf8a+ZdgTPcCOWL5/MH8a1ieArKazW4G7qEH+s+/UviK6Ol3DCeX9z5T20nm/cRk/5aV2cqsCifNWpgx+IruaH5thz0/2q9G8M/ECbRbORoLh7OMFsqTxJXlWq+KJXvtQiVg4JYhgnUbq5vU9SuJEABaUfx4fFYNGyvY+q7f496fqNlLZaulnq+nNHgx3CGRX3/X7n/AKyrj4YfDTx+kd9pV6PC+otztU7rck/TlPpXy0byU8jK/Js+Yk0Q6rfWuPLuyuP7oIrOXulJn1bovw11zwzKoYLq2nP5kHmWJ3qq/33SuW/aH8D3miw2Gu6JIZtPkTyHkjH+qk/uOled+EvjD4g8Mxp9l1hpo1k/wBXKTkN/HX0z4I+NumeN7Z7bxBaReVKPKkKpkuPqv8AWqVRPRjufG+n+NNc0xgYbyaPEn+sVjH/ACr0vw7+0Fq6RPZ6lDZahZScOt/bo+/1ruPi5+y5oL6bJqvhS7meRQ7tbtIrxhfn+VH7/JXzI0XlEqRyvym3k/gq7DPcGsPhr4wmlN3aT6DOw+SWwk+R3/3fn4+tQar+zRdpaz3PhfVk1sfKRA/yuE+v8deMRT+ScqZYG9Y2yPyrqPDfjzW/Dkqta3jsgO/5mx+lTYDD1nStQ0e8uLbUrS4sbhD5ZiuVIH/bM1UsbxlVwd0pi7S19C+H/j1pviO1ksfFOlwaxas+FNygkdP9x0+esfUfhV4F8ZxXEmh6y2iXJf5LK6bzIgfRH++lKwWPH01u/XrO0EP/ADz6Cut8I/Fa/wBJnRUkYAfuw4NZvib4S+KvB9tPLeaaXs/M/d3Np8yv/wACTiuSUbcDBXB+cDqKdwPtD4S/tN2mt2SaT4gZmUjaXc/Pt/r/ACrvdR09bIxsn/HueY5Y3++lfAdlfPYSpcK8iBTlXWTaxr6k+A3j7Vde0U6LrUFwgX5reaVNr4/ubP6VhNXGj0wFQQfMwPQ0tyIrhdmfrimi286DjyxCJPL8z+41EFsIxKpYMP8AnpXFyi3IYo0gBjHzI3XNZN94QjnmM0DqCecYBrqLaziaLn95nvV+30qKNd6sE+tHKI8W1rTrSzaVZoFWQ9WFY1h4WnvleRInSPOVkFe3av4DttfVyZvnPXKVmWPwju7WF/8AiZp5f8MZRqwvZiZ4xeaXeW8hjfJUdG9frTrHVJ9FYRyuWt39P4fw716FrXhryCbWWfeoPzHHH41yGq+G5LQNIjgg/dV+mP8AZFdMKltiToNH1WK8tRtXO85GP60sqo4YREB1bJz0P0rh4JLvSD5sBJjAy8frXW6Pq8Wp2yyRoCzDlT1zXXGSluLY66V2QkkEVEjs4bD/AJ1YaN5VzndUYhVBzxXGbFdQwVskH6VLHnyeEzTz5YXg0zcAv39opgfNHxzmkufGtzE/K2wSLj2SvOpRjArrviDff2n4s1aXzc75nYH/AMc/9lrkpgc12U1oIqTEjGKltSWxUUwOKltvlArKpEDRtJCm8e9Ld24aMsOTVWCUKXFW45MjnkVkZmUFxuB61Hbjy3fPStC5twS7CqMv3Tj0oAcHBBqoFI3GnoxNK52jH51LNAt5MKQas25+XmqrR7FBFTRtiMU1ICZsVA65PHapBlqCvFaDInOOBUkbZFV34YinwuBWgCxt+9kqWM5QVDGMSPU0XCCl0Akx0pMcNS+lJ2akBHto20tGawDnFBqQdKiXk1KOlIXOFEZIc4opIyN5qA8zpPB2uXSJcWkTeZLcgwJJH952+5sr6W+Ev7HiXNjBc+JZXMuxS1vF1T/ffvXLfsb/AAdi17Xzr2o26TLandBE43IX7/8AxdfdsNmtvFsXC8Y4FePiZKOiPWw6bjqeS+GfgX4a8JzmWysfImHSSN3ro76weIHaciuvlT5SuazbiyLgnrXzlT3pao+jw9TljY5SNhGqnnOeq11WgeM2s7eOCUll343MelZcmnomMjnP3V7Vmm1CMAM435+asrcuqPRvGotT0G48RW7NuDg/WuF+I3xj0fwJpE2o6rLLFax/Jn+J2/uJWVevNGJOcAPxXyn+1z45Op6pZ+HVk3Q2J8+5kB+7I/zp/wB8K9enhU6kuU8vFxVOPMjs/EP7a9hJcMtlolxNEeAzNsrNg/a0t5T++0OZItnaTNfMvXjkj19akzhcZk/CvoIYRJas+Zlimnax9Dat+1hZfZz9j0uT7SfkG415F4p+MPiLxVI6z3Rt7cn/AFcXWuUOBzVcqCeK0+rxRg605bi3Nw9y25iWP95zk0yKPJJJyac5HFLHwa7IwS2Ryyk2KABnHejsB2paTcMZ7UxDpCPLNLpcvlXUMh/heoHbNNVtqnB5zmtmQzVs9UuBdFlnMEZ585+u+vpD4E/GO5Fg9hfXO6BJETys/O7V8uFi455HpVrR9TbSLgFCVMewoQcU4uxNj7r8YC/vtHSTSLmQxzDzC8X3gP7j15TotlPbaiySWZimO6OSMyfO/wA3+srC+E/7S95oLRw6ipa36Fj12fwZXvXrOmfFnQdZuppI7SIZjUZA2P8A71dUZmkNNzpNDtvs1tdQlYx5n/PVNjp+7ri/iiIV8B6tL5+ZgJHjI+f5fL/9DrRvPG9pcwXEVqfufu3k2bW/4HWN4sh+3+DdWtfIz5jOI/3fyIxXFdKd0OR8fQv5j3C5yuP61LAjuZsfdz1pGsjbXVxF33AVs2sKQ6RKx+9uxmsjRGJKmwYHAqqRjmrlweDxVRuQc1lLUxZBJdlm+7yO44NdR4T8WX+juGt7hlI7ZxXNxqhycVJFcCEnArG1iVdH1r8H/iRHqFvBb3lwsdw3yhXfyw//AAGvE/2hfh+fBvje9kjT/Qb/AP0u1aGP5G3feX/gFZHgPxXPpus2lwGxHFIMmvpS70fSfjJ4fnsLxgl4o3WVxJy0L45/4A9dEJ8ysaI+OFOOCelLKwlb8K2fGfhe+8L+I9T02+tFtbm2Yq4ToR/frm1JAHzE+9Tz7mOsWWo79t6orEFPSrlrqs8auvmE7/WsaGDy5JHyeatwkbFYjOKz5yudnoPhf4ua94agkWKZpIPLkBhmk+Uiulf4r+G9eHm6x4Ns7mYosZmU+V/6BXjzy71IHenwvlAP7lax94tM970X4g+A9H/fWXhaxEw6YJf/ANCrr9E+LVlc6rYNaxLD5kyx+W4I/wB/ZXy5uLLkcE10nw/v5bPxPZODwrZolHQs+zLiGbSNQvDafvYTJ5qDf/f+etHSXj1K1lY8MX2yCT1rB8WajBZppV+c75rRSyg/eK7/AP4gVR0fVgiG6tD5oJzJF5n3K4WDPQ7LSEjTqMVNcxhV2gZFZOjeJE1CP5eGq6Zpt5GOPesmYsuWgEYJzirCIJD1qpbKZASeKsIpjbrWJoYereG/tbSthOa43VPCol42yfL/AM8469RIBGTVZliJ5GRTTA8Z8R+FvN0x4bVT9rt338jbvWuKtf7SiHkyxSW5HCyD7r/7lfR17olnfL/qW3f3h2rh9d8JgXKxyIfKXlK3hMQQExswZ+M06ZlwxVgeKGIj3h1yc1UeTG/A4qiyKcIV53/8Arn9e1JdM8P3940jjyoXkCP67OK22Qlv9ZhDXCfGRvsfgK9RJXdpXVBv/wB/P/slaRWoHzzc3BuZi7HJZj1qtJyWGO9Eh2Skf3aReS5HPFdMdEBUZhnpUZkx0qVlqJo6znqMSOTLmtCAlg9Z0afOau2zgBxWT2AsZ3K4zVR4T8xqaN/menuw2GlDcRmSr5SjFIo8xc/rViePelMjj2JSlqAhGRzQRxiiisuUCS3OByKkIBzxUKnBqUHNaICrOOTUKqQc1bmTJpDGNvStEMag+XNSKfloC/JQB8tEtgHA8UhbikHSm84rIyGMflJpAx8snvQ+QlIvMZqDQltznrU7H5ar2/AqduVoAQnC1c0Wx/tC4jiB/eGs2QlVNekfA7wX/wAJN4itf9ZFFvXf/erOWiLjG7PuH9mXwgvh/wAGW0pXbJPGsnvmvYydxzjNZXhPTV0fRLKJYQvlxKmB9Oa2oV3NyOCa+crvnmz3KCtEzijPI+Bxmo5YGdHixityKBQJCR05qF1UF5MVyygdcJWObmsz87befWqF7ZbLV5CnvW87bt6571keIZvKsWUN1FYeyv7pv7axwus63YQZ+3Sxw7Ekf53/AIf8pXwD8Qdcn8ReJdX1A5Ml1PJMM9iXf5f++Nle5/tSeM3i1OHSLSR4diedMgPQN9xP++P6V87PIZG3HrXv4LCcvvNnlYzF80eTqRr90HGOKduPrRjFGM17x4fIQztuGBVcE1Y2Zc0wRZY0QWoDEBZvapJAAoxUkUe1CaTbuU1vYCBTgN9KYxPlU8jGajf7lYFMRDwKbnk0AYWjbmmcnUmiYH602QZbOKZGhBqRpAKlHSmhqMykYP5VuaTr9zYSKVkOB71jDDcildyoJxxW0Cz2Twpr894ySo8kfyrudH/uV7Jaz+d4TuO/74fc+9Xzn8OtUIQLnytv3XzX0PbvJL4C3+XJHI90zfJ+83fJXfB6Gcjwfxx4fibWJJgyxyF/M2FNvz//AGdc3PeYsTDhJN6pwjfu9/8Af/36m8f3lymqsvmRxxxts+T61kzH/RhzmoloWjMuDgnjmqUj4zVydfeqciZzXOSRKcEVJtFMCnI4qQdai4Elu6ocKxT/AGgcV7F8D/H0eka+qSypHG48re673bZ89eNiL24q3pV6dLm3LlSjb1ccU6crAfXfxW+Gtn8VtGWWJYINVt0xbXK/I9x/sP8A/F18eahp9xo+pTWV1C0U0DMro4wVZK+pPhZ4tXxJ4eiKOyXmnIG+R95df9yqf7QnwsHjHQU8U6NFH9vgxHdpGmwXi4+//vpXS4RknIi9z5fkPy8URn5MUTDYCp4I4oj+7XCzMcaVSc9cU3PNOXg06dQC6CfLFbHg75tagJl8s7qxkYFOtafhUAa0mem9a607o0PszU7GO48GeGZh+++WRcv/ALprmdO0qSwQva/vPN/5ZyJXT6QZLn4T6Y5/dy2rEHf78VztpIzDJZzL7PXFLdmqjzHQ6azLMPMiSzlTq4T+Cuy0jxHZm4EVyNkn3Ed/uvXmhM1zn94yeX6tlqVLnyiPMQt71zykLkse1iIXKiSEoB6Adamj8oKBIMHpwK4Lwt4wmtEERImt/wC7jkV1ttr0OoPgMzJ7DkVOjKtY1jFGY8eWKb9khZMEYNUUuFEoXcQO2atRzjzAvmAUiCGW28r7pzVWRVc/OAT71rosUnBbJNDaXFMeOtXyAeLpMbgHPy0ixFDx84NRxybQcDdUsVx82CNpqhh5I6cD2xXnP7QGLfwPEfM/eS3ar/45JXos0wHAOHryH9oi88zw9p0R4zdM2P8AgJq4vUR4CXx1PPrUkUuKoO5XipIpDiunZAWZU3dP0qD7tWLdw+M0XEQzxUOXujKwPWiJiGekxhjT0QAMaxvoIkQ5DU8klTUUR+8KmUZU0ojGsMpUZHy1O2CmcioyPlo5hER6UynnpTKZkAOBT42yaic7Vp9tyCaaNLksgzigDK0Zy1KTgcVaHcMfJTcfLTj92mZ+U0PYYAZFGMihTkUo6GsjKzIJuFNMi+4afP8AdpsH3TUmpJDU46f4VBDxVgdKAExgcAH/AHq+mv2RNGivtUifHlxRvv2SJ996+ZxyfWvqL9kWWW78Rwy2wxFGXH+9wn/xVc1d2RrT1Z9yWNuXRc/d21djhHCj86htnH2SNVPzYFXIyIUwetfPuN5Nnu09IoYq7QwPes++/dI2Ohq/NIFUtWTdy/aVIrTkKTKOARnHXmuc8TcW8hlPlRpHI7yf3VrpjjyZcdUWvF/2ivGP9gfDjWGE2Jpl+yQ/7e/fv/8AHadOF5IJSsfFHxA8TzeM/FGsatKfmublyi9lTPyY9hXLgbR9K0rtGuGYqT8x3nNZ4BG/PWvoKMbRseDVTc7sCcU9CMVCQcU9CcGukxnoMfAcmmRnLNT255pkY2k04biWw922oaigOVNPcZ4pyx7RW7YEEgxioXHBqafioJG4NYFsb/BTlGcVGT+6qRDwtI43uPj++aaQOacgw5pD3qIloQAU3G4HNPHeo8ZUitzZHT+FLz7DMnlp5hX+B6+otDeTU/h9F9mi8uRXCp8+5uXd/wD7Gvkvw7c/Z7rf/wAtF+7X1D8MtS3+FrgR7LaWI5RP7z9N/wD9hXdT2Ez56+I0Pla/cQyyeZJHJ8/yVzv2gn/rnXpvxo0jGoT3oiffJGjSyD+/XlPoPWm0VEJDluDkVERzUjdqjPWsbAMxRRR1rHkAlWT5aRZfmpVi+WkWLmmB03w+8aSeF9WjliY3EW794jnYJP74r6s8Jarb3lkNQsiGs5wglgPzbPY+n1r4sIkEP8A/6413nwm+J194D1WCON1ntgcSRN8yOP7laxlbRmbVtRnx++HsfgzxfM0CkafebrmBeyHf86f8Arz0eg6V9VfGu/svip4ButTtoQt5YP8AaFCnO0NndXywOuB1FY1Ie62ZgeopaQjkUVyUwLQQCIZY1r+GlYX8e1Q3zL1rGVmCD5gK2fDcyi+j3KWO5eldsJmkD7O+HU39qfDC95zNHEjxjfu/i2VhtY8+an7r+5/t113wU/0jwJqmBJ5v2Z38uT6x/wDjnyVysUwucgh/NT/ln/crmqLU6absMtiXJATDnr70l1IwIRbd2A+9ilKSo4lU5ZOSB3q1D4mgsR/pVnIyv3rn0KmQaRqU2nSuRb+ap6IPvV0Oj+J7u2uc2tvI0Un+ujkTbspEvNIvrHzkUg/880/irkbj+08n7JFcWkh7Rv8Au3qbWZO6PXUuzexBkZCT1WMfMlWmuEjwsqYZeCfevI9B1zVdGuBcSzSMF+8cfe/2a9N0jxDba/Zho14PBD/eq0YOJftNUEfzIhf61rWuuXCHd9kDCsGRTAdkaYFWIruZAFKmi4HAvZJGu5MVUaPEgYir1xEyDaDVeKQA7X5pDKdxa7pZJcYwgrxr9olSun6Qp43M5/nXu9zGHjfH8S14P+0vMoOiwjqoc/8AjzVrHcDwWRMjFMWP1qzgY5oAFb3GRBitSKS3BpGUUqELzSdrAI67eah35JFWyQ4xUTRAVzrcT2GK2Kd5tNIxTGbAqmZolyTT93yYqvHNxzTxIGp8hohSvegxbhTzytCA0bAQOuAwpkc+whakc4lP060wwAyBu1BkSA9alTlRUezOakztQUCJCBtH1qID5Wpd+Vpqt8jUFXHR8g0L956hikzu9qdG+XegCGYcURL8oNJP/WpUX5BUFDlHA+lTAYjFMC/LUrj92KBXFthuJ719X/sXWf2K6tYJnxKyvKif3U3v/wChv/SvlDTBunwa+k/2XvFH9m69bySNvDSpapz03P8A/YVzYhXhZHRRdnqfeenFSq1oTBWbNZ2llDCtamEKA14a9w9qN7Io3M67GBBrLLgQvgVNqMxaZgo4ql5rJHtYck1rfS4amfeXhtFfvur5c/bCsL++i0SWKzku7WNnL/Z03KjN/fr6ivoPP7fnWNdWEM0LRTRLKWbcSwytTCfLJNkyXMfmzPbfZuMSL2+eqhAyT619yeNvhR4d1+Vmu9It3J/5aRJsf868e1/9mzSpJ2bTbqWzfsko3D8O1etDFQZ59WlLQ+eQoJHFMXHzV6N4k+BfiHQyzxQpqNsPvm1OHX/fWuEvNLNhKY5FeNx1VwRXTGvCWxzSi+pUCZFNMRp+7njinjmtuY5+UqYy1Ts3yj2pigGRqbuyje1W2MrXJzkiq1xyPwqdzuRvrUbDJxjtWcTUjjH7vFSxdRSIMLToxhqCbIkPU0lKe9JTgRAZRRRXX9k0JLeTymLdK96+AmuDzJFJfzIh5h/3R/8AqrwE8A12Xw48Xy+GtR80zPFGRj5Hq4Owj6I+I/hEa3bSPsQxyLt3oPlX/pnXy3rejyaZqLJgiIH5M19K2PxbsdY0+WOSUptKfIj/ALt96f3K8e+LK2k+oNLBIh87YyCOtrlI88bOTnrUT/eNSN8px6VG3LVmQQOtCLUzLQq8E1zzmUIeRT04pidelSM2Kx5xCA7T/hU8VyI8dj7VAh3cUSRHGBRzmcz3H4Q6kmqxXOmSfNHeBowD02v92vE9a099K1m8hki8pklaI59mxXafCfxMdC162aRtsYZI8/3MPnfUPxz0SSy8Y3jlcRXSrdpj7jKwrsXvRsScLIMUijK0OMACkH3CKw9mBZCBUGPnNX9CXN9H5v7scVmRy7U/unir2jTF76Pf8w4qoqxZ9xfs0an9u8K/8tD/AKJJDjfubbXK3mY7mdYc/I5+ffW1+y5P5Gi3MUnl+ZHA7v5ae1ULsxR3cpHlnLb/AN2lYz3OiBn295MzEMjAnvWh58QtmWZzuPvT1mtLhDlWDHvTBaWXIeQEn1ri5LHZyRkQ6fp8O13S52k9s1agkeHIMrMPaq0mn2yNmK4A9hVqF4oY8K4dqOewckIkNzBLMCBL+7ftJ92qyX//AAi2He6S0k+8m59ivWnuLKG/d59DVbUdOsdYsmt9SWN4l/1ZkTlH9UqlJM5pI7nwz4zs9btF/fxtcADcuf1FdEG3DPrXkOm6nFYP9mhs7Yl9oS5DIma9B0DWS2IrqN/M/vxyb91UZuJy5kmiP7wbhSiZJOsfPrUxRSTh91NbanU4zQZg2ThcV8+/tI/8hPTs9HiLL/329e9pPJczERj5U7+teG/tOk/2ho37vy0SN1/8ereKsB4VICBzUSMc81blAxx0qscA1shjz0pmeaRpMCm7wTS6ATg4FBy1MTk1MrhBXMtxMgKGk2561M8gbtUWM1TMyNowq8ULHlc5p7qQtMWTC1XOaImTpUittFRK4xSl8iluMSRd2WqMvhamjb5WBqNUDHFAmh8EgeNs0Y3imRR7GYDpUn3MUGQ3GBTR9winMfmNRMxwMUCbEjBAkp8Yw7Ug+6/FKpwBQAyXrUyL8oqCTlxirSj5BUCuSbfk6dqeRhaDnb+NEnTigVyJt0Z3ocGvYP2etQ8jXrJMxySyXcbOjv8A3Puf+jHryHqK634Pav8AYfHektmTi5Xen/TPfXPWdonTRd2fqxom2azjYAAlVOBWrbws0ajtisDwZcpc6TbyL91o0YZ9xXS2bnAHtXhS1PoqWxm3mnqjEnrWRcqiNXS3a7yax7mxEhzQnyltJGHIQ270rKkXKMK6N7DG7isySz2q/FamRx2rkAFe+K4qaP8A0ggcc132uWuAWFcrLY/vC5BzmsGjGSM+wshOZs8jvWN4i+Efh3xHEzahp0cnmcbo22uPxrqLCE27S/7ZrSswxV/Wq5pR1iSoKW584a/+yzE/mvo+pfZ1T7kV10HtvryLxR4C1TwXdGDVLaeBn+ZZQNyye6PX3Dc2blS4+/XDfFHwZD4x8L3lo6PLOCZLcp1R+/8A33XVRxEm7SMJ4WLV4nxYnyySbiSP4c9aVV2l2YcEc+9W7uzkthNFLHskik2PnqMZ/wAKqEo8eWfAKjH4160JxnH3Ty5w9mVWwScdDRgbelJwTxS/w1rEoXGKMUm4etG4etUSB70lLnOaSnEIDKKKK1LClXAPtSUHpRCdgLdhqj2P+pZkO7ketX9d1YagQ2FSUKo3VgrgPxnb71Irb9xONvTmtvaCJM5HqaSilABrHWICgUUbhRmshABil60lG4UhD402ilkbbmhHBpGAagl6l7R7iPTp5ZvL8zenyJ/wCvSfiVYjX/BGh60g3XFsPsjmT77q/wA6bf8Avl68viIQqc8gV6X4Wvk8WeE9S0kMA0yCWNvSRO4/FOf+B11UibHkcnz7s8BaZAfMBJ6jtV/VbQ2kxiIKt0YHtWaSY3GOlNjJXHmH+7VvSD5Vwh+90qoTt5+9nFXNI/eXCfwDilAyPs79me//AOKT1eX/AJZR2Lu8kfzM1ZAuik7ecJCzvkvJ6VofCCIWfw/1q6/1kVw6ww/98JUP2SNlOYnlrGe7PSox5ojvs+8Hy9pHqKaGEQPylm9hmmWskkUxjWFwPXFW4gsUpJLA+9cXPc7FCcSmmrW6uVePDe60172INuTYM9qluoElYvHy3uKks1idNsqJu+lLkuHJORALyPaSWXP1rL1PUhJ8s8gZB0Gc1uXehRuP3BVjVeDQo7b5p4kl9sZp8tjlnSmc39osriykilWL+/HJGPmFdT4P8UT27x2t06GE/dm2dacdNs+1rH/uPHQNISQARRhcelTGWpCpzT1LyyOGzUkrs6+tSiIFc0+CMOeRmt+QwJdP8y3j/diPzH/v15D+1FYedomjXYGSsjI717EYDKB5f30rlfi74eHiHwNqFoId1xCFnT2dOv8A46K0iB8eSYC9eKrOOat3UPNwf9vaqVXuBha3GVaKXaR2pKYEtIHy3tTgMio1X56lpAWDjZUccZ3GlLYp6Him1oAh6NUX8S1OelRY5rGepkJ3alY8Cg9aa1EBihqctMX1p6nFArir96pA3zVCG+agN81Ah5PzGm+tITzSUAPH3DQT+6oPTFRu+1cUAR9WFWFPyVXH3hU6/coNEW8fKtNHVvrTv4Vpo6t9aBCE4yateHzGmsWrjhg+/cDzVXIyafowzPCR1x/8VXNVV4hSdmfqt8DtY/tXwRpkoOYzbJy/tXoSSAN8p49q8O/ZZ1E33wx00Z80rFhvzr2q2HPTivBm+VtH0FCV0WHG4Gqrxna1Wwc570xlyh+tY3uatszZwcN9Kyp1+RhW3Omd3pWdPB8relbRepizktRg3ZyK568tgAeK7O/t+K5rUYvvDFbWM7nPxx4l6d60YIwMjGKihtz51XhH2qWtC0yCa3DI1ZF7ZK9sygc/SttVLBxVCRC24VjD3C4anjPjj4PaX4oW4by3trlmLefGP/Q6+avGPga/8H6jPbXsRmjJ+RwMo619yXVuGDjGc1wPj7wRaeJtHe3ukGxG3q6D51NddOpy7HPiKCnsfG+xcfKu0VCR8tdn458C3PhS5PmKfsok/dzKNyFf9v0Ncn5GSSB+VerTq8x50qXKQpCM9aSSIdc0jkr3pFDODXScnUF54pQpxSRqcmlJIFLnNEMC5NOU4PNEfJ4prfep84x79qdjK49qaVLAHvT6BEflZPtSmIDp0p28A0GSi4ajNvyN7UqKcikRsq9OjJ3KKOcYhQ4NIgy1SE/KaiVsNRzAS5yOtJgn3qRACtSKoIp8hnEqqpBpAWB96tbBUe0bjRyMtkbyMK634f6v9i1CGLy4x5j70/3q5PZ82D0qaKRrdgyEjHPHUe4oi3Enc9U+IXg628QWces2Vu/mOn+kRhuQ/wDeryNowhKkcjrmvYfh143MnmWUhBUx4eNujp/jXB+NtFOh61cwKEkjZt6H+8hrsXvxdhNHLcY4rR0GEyXagDJ3r+7qqqhj93bmug8FWX23xPZxkeVvYrv/AA/+wrOCsSo8x9a6EP7B+FmkxiLEc7+aRGn3f4B/6BVSx1SJuMmtK4ubSx02GwOBDBGitE/zBXz89YMEtqJ8LiQf306Vz1NT1qC5YmzaapaiXDAAetaMV7pLycyKGqva6db7PMKqwNN1LSbUQ+ZDGu6uLY6eeQ+T7I7uyYPNQT2dvJbl42AkqtpzRAMjnBqWVrV4zHG5D1oVzkWmy7Cdzr+NaMDxnIIV89KpGyt0jUyBlz330x44onAidiP9+kyG7lprKzNySd4B+/src0xtEY+V5RhMf3JC7tv/AO+q5dJSrMcnmqkzY8zBIqDGUkjbjjdiyjgVLBGQCo5NOtw1sWZfn+tV5rpmJI/dnNdh5pYkLgAI5DCq89wxidJ18wH1708EyQFy43AdqrbJCAxXcDQB8meO9BPh/wATanZkOPJkO1/9nPy/+OVylyte9fHfw1I32W+VeWQox9Tn/wCvXhkigpg8bOK1WwygSKjZuoqy0eeajaLJ6VXIBEknrUg4NMMeD7USHatQwEkcE9amjORVEvzVm3fPFU3dAWM8UwDml/vUL1FYmQ1hTGHSpW/ipj9BRsAKKSgGlAzQIYud5pyj5qULhqB96gBDSpyaXq5pYR8xoAXFVJWO6roHWqMv3zQMePvCp1+5VdecVYX7lBaLf8K00fx07+FaavJcUAQbiWkHbP8ASr2nARSQleTjFUQc7xjkmremfuJ4i3I3YxWFT4SYbn6IfshMY/hzp0f93zI3/wDQlr6EtwM4FeAfssDPgOIj91LI7fu/7o2LXvWnf6gc596+eq/Ee7h/hLiryaY5wn41MG21VkfKfjWaNyF+Q9VJxtV/pV4DIf61BPGMP9K1juQc5dLvB4rAu7TfJ0rrZbbjgVmz2oDE4rYysc6LIIc4pnkfNWtMnz4xUa2uTkikWkZXkbVc4qi8Q8xq6Ca2IjfjvWPNHiRqho1joZU1oA7GsTULFZI5MnANb0jlS1ZN5ukicCstSjzLxJ4civIJ4biIXFu4xsIr55+IPgafwVqUcsSmTTJz+6YR8xH+6/tX13NpouoN5G1k7+tct4m8MLrVnLbXMQkhcYwR9z/bropVXFmFSmpI+OQ8d1kgL+ApixOof09a6zx94Bn8B6k5CE2hPmKwThxXN7/MXcOAecV7FKbmeJKHLIqomF561E6k5qy3Tio1UsDXVyCIogQc0jj5ulThcd6hZvmo5LAKh4x6U6mL8vWl3jNIQ/ZkUeVntTt/y5pUbNMCNIsK9PWP7p9qcRgNTweBT9mxkQTIIx3qIxFW6VNC25j9adLilyARoDtqRM4oGNtKpxxT57Gcdw55qPadxqVTSjGTS5y3sR0jdDmlJFNZgBQTD3TZ8O3sVpNI/mxiXZ8iP/FW54oRtZ0uwvB806IUb6VxEK4bdj8a2LK+P2ORDNz6ZreDsVLUzxbuo5FeifAfRhqHi1bi5GYtOUzs56dPl/8AH64YNv6HNfQPw2+Hn/CNeGpS67b6/HnH1C/wD/61T7S1wgdskkFzud0wXPV6iuI7dEKRtGjD+7VPTblUcW0x+dO71uC2spsDEfmH0rlnM9GmZtnrYiH2dnJzxnFaUM0kg2h1KH3qOXSEH3VQ+9SLaRxxDaMuPfiuXmudMBt3bqykhfn/AOmdYgZo5jlHzn8a31tmlGcsG/2Kp3lmOQC+/wButWmNoIbGC7ALSMrehqVtOVB1YDsaz47lbRtrKzN6mtW0ZrlckMVNaGZTcFTjOMUsYB6pvq7cWAOcZNVBp5J4mMdZnLOBtD5CSTxVORfOditSksjYfpSoUUNt612HEQxq/lsO1RrcMqlc1aikCI26qEvzEkUDK/iTR18R6LNaTKGRl6nsa+U/EugS6DrM9tKpby2Kt9R3r63jmIQ+nevI/jppEKxWd6q/vHldHwPvUgPDXUcjAqq49quSAgkEYqoxw3vW99BlZ485quYztetEqCRmoCnyt9aUPf0YdDPK4Zqlg+UVI0YJeo8YzSn7uiFEm+0ZbFSo4NUVBDc1YiYdKnlGSO4waiyWHtSnDA4NIisBU8oh5GKAPSnN0pB0oMhjNtoVs1DcNg0QtmgZOhzu9jUo+6aggOfM+tTKeKBCrxEapzHLNVtziF6oMdxoGLCCTg1fiHyVTtxk1eT7lAD93FMB5NNLc0sZyxoATHWrFqf9JQ+jJ/6Mqv8A36taVhmT/fRayqfCVDc/Q/8AZYZZPBFnMj/Ixd2PrXu+nktlkb5Aen4V8/fsqyKPh9aQov7qJ3jU+tfQWm5WOQquO+Pwr52r8R7mH+EuvJ8pqukuciiaUJHyarQTq7GhRNXFl+IEoajkiLg4OakiP7s09CNprVQEZzxYzms6e2J962JyMtiqjAEVoPRGNHp5dmNElmVxgc1swbcPUE4GRQGjMCeNgrg+tY1zCPMeujuoSQ/pmse4gAZuazIOYvkKq+BmseaQ7XyMV0t3EQG4zWTcW5dX+TtQFzID/uiOxqvNGJF7HtyM1ZnTyo8d6rF8x49a5yvjOO8X+FrXXdPktLuPfEwOGKYdD/sV8v8AjTwJeeDLto9pltGOY5R0219j3Ntvi5rjfEnhu31SCS3kjDbhwXH3T6iuvD1nTkc9SlzI+RRj6imKpxJjrXqfir4MxRtPJpU5jl6+QRlH/CvPNQ0e90WYw3Fm0DA4+bkmvbhWjI86UGjO27Qm6q7LuZttXZlxt3iq8WC7ba2MmNiVg3I6VOgTY+VpsYky+cY9alX7mCOahxCBVLZBqW1PqM0RxZz+JqSKMZOKcNA5RGbJNRhvnHYVJs5NPEYzVc4yOMDL011yAafF958U8r8gqbiIgvFOVOeaeqg1YWNQOalkK5TUctSgcNT8ct9aMcNSLIMGkYHFSbaQggUGLGRq5XYOGNWIrT5Cc4K9fei3hVQXz85rd8LeHJvEus29naguZGAPsO5NWXDU6f4XeB/7VvIb65H7iB9zRt0f0/CvfFImAkEvlsOAB6Vk6D4Kk0izFvHLGI9mzzKtjwrqAPy3aYj6CspysdcIC6hpyXsm8Ext3I71XsZ4VlMb7hInAOasyQX1tHgxCVvXNQS6bLKouEjVZF+8M1hLWB1Q0NaCFXPySv8AiaUwSlyEkOPc1T065O4KxAf0rcjMOz5gDJ9a50jrRmGSeElUk2n1zUUv2llysm5q2bi1hu7VvkCOO+ax7IlXaLacjvXTEY0afd3K52oAO9OgsNQQnbMqqKng1G4iJUwMVz/fqVbuUNuNsxX/AH6pkcpXfULm1KqyecO5FRyXD3QY+W0Z+taLazEQqlCh/wB3NRg28pdmmlA/2VpR1OecC2ZFddz1W8wM5C1E8hVwh71MsQiww711HmCEkHDUjbUHFOliZmB9anNgTEGoAoREOkgPc4FeZ/HmUQwaLDnq8j/+gV6pDZGQqB/eryb9oKApNo5PaF2/9ApAeOanY7RvQcZ61jzwKG3KcmuiSTzLfy25JrEu7drac7uhqluBQyTmo2431YKZJ96gcffq4aSsPoRbclvpULrhasqPv+1RuOopy1nYmJTUMXpematRx/NTzCpq+QoppLtzUqygrTjbDBxUDxlBxUOLETPKKVXyKpljUkbYrIzFnG40QJUm0NT0XFABCuBJ9akQcUKMK1LH0agRHM2InFU9vP4VZmPyGmKoOfpQMWBcDNWlbC1BEMAVJnAoAaeTinRHBpmeaFb5qBEo5D1Y0fPmR/8AXQH9TVc9DVjSf9av1H86yqfCaQ3Pvz9kQk/D6AH/AJ6vs/Kvou1kZARnrXzT+yxf/wDFF2Hlf3Xd/wDrpur6SsiWRCepArwKnxM9+j8KC+DMpAqrZxOpJOcVqSKCDmokAANUmdjiOiuNqEUCbK8Gq7rhSaSNvkNaJmDRK0uQ1VRICTmmSzFWaqzTbRmgynBosJNhmqR8MgPeslLggsalS+PGc4oFCDHSuqlwx71mXFv5jsVPFWZ2FyW29c1TeUwMwPNZiKUwVVYMKzptoDHZxWnK3mAnFVZcYbjtT6iOV1Wz+bI6HkVjNFtyp4rrLyLzIWGORyK5u4QlzxSkrahF8rIUXcuMVn6hZ+ZNnH41qwRE9aS4iy3IrltqaN85xF7pUZldmGPcda47XtCjvTJHJAs8X+0ORXpmp2mze3f0rnZYN+/eNorq9pyIxjy35TyG9+FdjfO7LLLC3ZCflrPb4JzSx5ivIo/TcOK9aFsCXUAFfQmrNjYR3CrHz16dq1WJnyB7GLPGbj4H6jpdmbu41G1kjRN7Km//AOIrjE0yKTzmDjAOK+kvH90LLw5cw5wSm39K+cvI8ucpv/dyGu6hVlKOpzVKUYfCVodJacxpFE8kj/u0RB96rY8EaoMA6Tcj/gDVb0PXDpWq2UvPlxzo/wD3w9fUQhtrgC6ij/16I/yP/frsOSMOa+p8tJ4C1Z+Rpt0R/uvV6z+Fev3bZTTplX3Q19DLHJanyiZCfcmtOF41UKS6mufnNIUfM+d4fgt4jTn+zXIplx8KPEMf/MJY19OwsoUYJH1qO4mwcCWMfUUe0OuGGjM+TLvwLrFkxE2l3CY7ouaoSaVNbnDwvGf+mi19ePBvHzYfPXIrOutG065BE9lbvnuyVSncU8Mo7HyO9uMnjn2qu8W0mvo3xB8KdAv90kCG2lPOI+VrzPXPhjfWM7LZxx3yD7gjb94K0TucU4OB52ybevFHl5XOOK6DUvD+oWMOLjSbtcHlynAqCx0lph90g/3DVHNZmTFE0rrGgyzccV9B/CHQX8LWAu3t/Mu5x5kkZj5WOuO+HvwzmjuYr2/jb7MhLqHXG8+le3aHam1HmKoXeNtEnY66NPS5GNTmKNm2cBuelMGqTKRsDpjtXQbdm1OWJqjfaXs3OwIrkk7nbTiUP7Rmk+9UkF+iKwZCc0yOEJ06ehqxHGG42Vd9LGnKZd3EJX86EbWHbFS2t8YwS8RdxWsEQJtC4b2FOtUChh5WT9KXKalBdSYIWkUqPSqyX++QvEcN9K1PIEzMjDH4VEunJasSHHrjFVsBLpl3DPvEu0Se9aOxdrYANc7LAxLyxbQVPatHRNcW4Dwsq+YBTMupJd6czxCUIoIqosUwjJdhEPU1rNMpXb1b0qC6tY76Ly5lKr6is46FtH//2bhK9z8AAAAAgSROnmFOuxasvR2Ljod5XQ==');
INSERT INTO `sys_user` VALUES (2, 'test', 'test@qq.com', 'jZae727K08KaOmKSgOaGzww/XVqGr/PKEgIMkjrcbJI=', 'ADMIN', 1, '2025-01-01 17:48:26', '2025-02-09 04:37:16', 0, 100, '');
INSERT INTO `sys_user` VALUES (3, 'test2', 'test2@qq.com', 'jZae727K08KaOmKSgOaGzww/XVqGr/PKEgIMkjrcbJI=', 'USER', 1, '2025-01-24 04:56:40', '2025-02-09 04:37:19', 0, 50, '');
INSERT INTO `sys_user` VALUES (4, 'test3', 'test3@qq.com', 'jZae727K08KaOmKSgOaGzww/XVqGr/PKEgIMkjrcbJI=', 'USER', 1, '2025-01-25 05:01:01', '2025-02-09 04:37:21', 0, 0, '');

SET FOREIGN_KEY_CHECKS = 1;
